name,status,last,url
112 Ukraine,Generally unreliable,2020,112.international
112 Ukraine,Generally unreliable,2020,112.ua
Natural News (NewsTarget),Blacklisted,2019,3dprint.news
Natural News (NewsTarget),Blacklisted,2019,3dprinters.news
"Anadolu Agency (controversial topics, international politics) (AA)",Generally unreliable,2019,aa.com.tr
 Anadolu Agency (general topics) (AA),No consensus,2019,aa.com.tr
"Anadolu Agency (controversial topics, international politics) (AA)",Generally unreliable,2019,aa.com.tr/en
 Anadolu Agency (general topics) (AA),No consensus,2019,aa.com.tr/en
ABC News,Generally reliable,2021,abcnews.com
ABC News,Generally reliable,2021,abcnews.go.com
"Dotdash (About.com, The Balance, Lifewire, The Spruce, ThoughtCo, TripSavvy, Verywell)",No consensus,2020,about.com
Natural News (NewsTarget),Blacklisted,2019,acioformation.com
Natural News (NewsTarget),Blacklisted,2019,adams.news
Natural News (NewsTarget),Blacklisted,2019,addiction.news
Ad Fontes Media WP:ADFONTESÂ ğŸ“Œ,Generally unreliable,2021,adfontesmedia.com
Anti-Defamation League (ADL) WP:RSPADLÂ ğŸ“Œ,Generally reliable,2021,adl.org
Agence France-Presse (AFP),Generally reliable,2020,afp.com
Natural News (NewsTarget),Blacklisted,2019,airpurification.news
Natural News (NewsTarget),Blacklisted,2019,aisystems.news
Alexa Internet,No consensus,2022,alexa.com
"Al Jazeera (Al Jazeera English, Aljazeera.com)",Generally reliable,2019,aljazeera.com
"Al Jazeera (Al Jazeera English, Aljazeera.com)",Generally reliable,2019,aljazeera.net
"RhythmOne (AllMusic, AllMovie, AllGame, All Media Guide, AllRovi) WP:ALLMUSICÂ ğŸ“Œ",No consensus,2021,allgame.com
"RhythmOne (AllMusic, AllMovie, AllGame, All Media Guide, AllRovi) WP:ALLMUSICÂ ğŸ“Œ",No consensus,2021,allmovie.com
"RhythmOne (AllMusic, AllMovie, AllGame, All Media Guide, AllRovi) WP:ALLMUSICÂ ğŸ“Œ",No consensus,2021,allmusic.com
AllSides WP:ALLSIDESÂ ğŸ“Œ,No consensus,2022,allsides.com
Peerage websites (self-published),Deprecated,2020,almanach.be
Peerage websites (self-published),Deprecated,2020,almanachdegotha.org
Natural News (NewsTarget),Blacklisted,2019,alternativesearch.com
AlterNet,Generally unreliable,2019,alternet.org
Natural News (NewsTarget),Blacklisted,2019,aluminum.news
Natural News (NewsTarget),Blacklisted,2019,aluminumdefense.com
Amazon WP:RSPAMAZONÂ ğŸ“Œ,Generally unreliable,2021,amazon.ca
Amazon WP:RSPAMAZONÂ ğŸ“Œ,Generally unreliable,2021,amazon.cn
Amazon WP:RSPAMAZONÂ ğŸ“Œ,Generally unreliable,2021,amazon.co.jp
Amazon WP:RSPAMAZONÂ ğŸ“Œ,Generally unreliable,2021,amazon.co.uk
Amazon WP:RSPAMAZONÂ ğŸ“Œ,Generally unreliable,2021,amazon.com
Amazon WP:RSPAMAZONÂ ğŸ“Œ,Generally unreliable,2021,amazon.com.au
Amazon WP:RSPAMAZONÂ ğŸ“Œ,Generally unreliable,2021,amazon.com.br
Amazon WP:RSPAMAZONÂ ğŸ“Œ,Generally unreliable,2021,amazon.com.mx
Amazon WP:RSPAMAZONÂ ğŸ“Œ,Generally unreliable,2021,amazon.com.sg
Amazon WP:RSPAMAZONÂ ğŸ“Œ,Generally unreliable,2021,amazon.com.tr
Amazon WP:RSPAMAZONÂ ğŸ“Œ,Generally unreliable,2021,amazon.de
Amazon WP:RSPAMAZONÂ ğŸ“Œ,Generally unreliable,2021,amazon.es
Amazon WP:RSPAMAZONÂ ğŸ“Œ,Generally unreliable,2021,amazon.fr
Amazon WP:RSPAMAZONÂ ğŸ“Œ,Generally unreliable,2021,amazon.in
Amazon WP:RSPAMAZONÂ ğŸ“Œ,Generally unreliable,2021,amazon.it
Amazon WP:RSPAMAZONÂ ğŸ“Œ,Generally unreliable,2021,amazon.nl
Advameg (City-Data),Blacklisted,2019,americanforeignrelations.com
Natural News (NewsTarget),Blacklisted,2019,ametheos.com
Natural News (NewsTarget),Blacklisted,2019,amethios.com
Natural News (NewsTarget),Blacklisted,2019,amethios.org
Amnesty International,Generally reliable,2022,amnesty.org
Ancestry.com WP:ANCESTRYÂ ğŸ“Œ,Generally unreliable,2021,ancestry.com
Peerage websites (self-published),Deprecated,2020,angelfire.com
Asian News International (ANI),No consensus,2021,aninews.in
"ANNA News (Abkhazian Network News Agency, Analytical Network News Agency)",Deprecated,2022,anna-news.info
An Phoblacht,Generally unreliable,2020,anphoblacht.com
Answers.com (WikiAnswers),Generally unreliable,2010,answers.com
Natural News (NewsTarget),Blacklisted,2019,antioxidants.news
Antiwar.com,Generally unreliable,2011,antiwar.com
Antiwar.com,Generally unreliable,2011,antiwar.org
"Independent Media Center (Indymedia, IMC) WP:IMCÂ ğŸ“Œ",Generally unreliable,2020,antwerpen-indymedia.be
Aon,Generally reliable,2022,aon.com
Associated Press (AP),Generally reliable,2018,ap.org
"Hansard (UK Parliament transcripts, House of Commons, House of Lords)",No consensus,2019,api.parliament.uk/historic-hansard
Associated Press (AP),Generally reliable,2018,apnews.com
Natural News (NewsTarget),Blacklisted,2019,aquifers.news
Arab News,No consensus,2020,arabnews.com
Natural News (NewsTarget),Blacklisted,2019,arialglobalreach.com
Natural News (NewsTarget),Blacklisted,2019,arialtranslations.com
Sputnik WP:SPUTNIKÂ ğŸ“Œ,Deprecated,2020,armeniasputnik.am
Natural News (NewsTarget),Blacklisted,2019,arsenic.news
Natural News (NewsTarget),Blacklisted,2019,arseniceliminator.com
Ars Technica,Generally reliable,2022,arstechnica.co.uk
Ars Technica,Generally reliable,2022,arstechnica.com
arXiv WP:ArXivÂ ğŸ“Œ WP:ARXIVÂ ğŸ“Œ,Generally unreliable,2015,arxiv.org
AskMen,No consensus,2020,askmen.com
"Stack Exchange (Stack Overflow, MathOverflow, Ask Ubuntu)",Generally unreliable,2018,askubuntu.com
Australian Strategic Policy Institute (ASPI),No consensus,2021,aspi.org.au
Natural News (NewsTarget),Blacklisted,2019,assopaipai.org
Natural News (NewsTarget),Blacklisted,2019,atomic.news
Natural News (NewsTarget),Blacklisted,2019,augmentedrealitynews.com
Natural News (NewsTarget),Blacklisted,2019,authenticwords.com
The A.V. Club,Generally reliable,2014,avclub.com
Natural News (NewsTarget),Blacklisted,2019,aviator.news
AVN (magazine),Generally reliable,2021,avn.com
Natural News (NewsTarget),Blacklisted,2019,awakening.news
Axios,Generally reliable,2020,axios.com
Baidu Baike WP:BAIDUBAIKEÂ ğŸ“Œ,Deprecated,2020,b.baidu.com
Natural News (NewsTarget),Blacklisted,2019,backlash.news
Baidu Baike WP:BAIDUBAIKEÂ ğŸ“Œ,Deprecated,2020,baike.baidu.com
Ballotpedia WP:BallotpediaÂ ğŸ“Œ,No consensus,2016,ballotpedia.org
Advameg (City-Data),Blacklisted,2019,bankencyclopedia.com
InfoWars (NewsWars) WP:INFOWARSÂ ğŸ“Œ,Blacklisted,2018,banned.video
Natural News (NewsTarget),Blacklisted,2019,barter.news
BBC (British Broadcasting Corporation) WP:RSPBBCÂ ğŸ“Œ,Generally reliable,2021,bbc.co.uk
BBC (British Broadcasting Corporation) WP:RSPBBCÂ ğŸ“Œ,Generally reliable,2021,bbc.com
Natural News (NewsTarget),Blacklisted,2019,bees.news
"Behind the Voice Actors
",Generally reliable,2022,behindthevoiceactors.com
Bellingcat,Generally reliable,2021,bellingcat.com
bestgore.com,Blacklisted,2021,bestgore.com
 Republic TV (Republic World) WP:REPUBLICTVÂ ğŸ“Œ,Deprecated,2021,bharat.republicworld.com
Natural News (NewsTarget),Blacklisted,2019,biased.news
Breitbart News WP:BREITBARTÂ ğŸ“Œ,Blacklisted,2020,biggovernment.com
"Independent Media Center (Indymedia, IMC) WP:IMCÂ ğŸ“Œ",Generally unreliable,2020,bigmuddyimc.org
Natural News (NewsTarget),Blacklisted,2019,bigpharmanews.com
Bild WP:BILDÂ ğŸ“Œ,Generally unreliable,2020,bild.de
Biography.com,No consensus,2018,biography.com
Natural News (NewsTarget),Blacklisted,2019,biologicalterrorism.com
Advameg (City-Data),Blacklisted,2019,biologyreference.com
Natural News (NewsTarget),Blacklisted,2019,biosludge.news
Natural News (NewsTarget),Blacklisted,2019,biosludged.com
Natural News (NewsTarget),Blacklisted,2019,biosolids.news
Natural News (NewsTarget),Blacklisted,2019,biosolidswatch.com
Natural News (NewsTarget),Blacklisted,2019,bioweapon.com
"CESNUR (Bitter Winter, Center for Studies on New Religions, Centro Studi sulle Nuove Religioni)",Generally unreliable,2022,bitterwinter.org
Blogger (blogspot.com),Generally unreliable,2020,blogspot.com
"Bloomberg (Bloomberg News, Bloomberg Businessweek)",Generally reliable,2019,bloomberg.com
Bloomberg profiles,No consensus,2018,bloomberg.com
Natural News (NewsTarget),Blacklisted,2019,blueberries.news
Natural News (NewsTarget),Blacklisted,2019,bodycircles.com
Boing Boing,No consensus,2019,boingboing.net
Natural News (NewsTarget),Blacklisted,2019,brain.news
Natural News (NewsTarget),Blacklisted,2019,breakthrough.news
Natural News (NewsTarget),Blacklisted,2019,breastfeed.news
Breitbart News WP:BREITBARTÂ ğŸ“Œ,Blacklisted,2020,breitbart.com
Natural News (NewsTarget),Blacklisted,2019,brighteon.us
 EncyclopÃ¦dia Britannica (EncyclopÃ¦dia Britannica Online) WP:BRITANNICAÂ ğŸ“Œ,No consensus,2022,britannica.com
BroadwayWorld,Generally unreliable,2023,broadwayworld.com
Natural News (NewsTarget),Blacklisted,2019,bubble.news
Burke's Peerage,Generally reliable,2020,burkespeerage.com
Natural News (NewsTarget),Blacklisted,2019,burningitup.com
"Insider (excluding culture) (Business Insider, Markets Insider, Tech Insider) WP:BIÂ ğŸ“Œ WP:BUSINESSINSIDERÂ ğŸ“Œ",No consensus,2022,businessinsider.com
"Bloomberg (Bloomberg News, Bloomberg Businessweek)",Generally reliable,2019,businessweek.com
Bustle,No consensus,2019,bustle.com
BuzzFeed WP:BUZZFEEDÂ ğŸ“Œ,No consensus,2018,buzzfeed.com
BuzzFeed News WP:BUZZFEEDNEWSÂ ğŸ“Œ,Generally reliable,2021,buzzfeed.com
BuzzFeed News WP:BUZZFEEDNEWSÂ ğŸ“Œ,Generally reliable,2021,buzzfeednews.com
Natural News (NewsTarget),Blacklisted,2019,cacao.news
Natural News (NewsTarget),Blacklisted,2019,cadmium.news
California Globe,Generally unreliable,2021,californiaglobe.com/
Natural News (NewsTarget),Blacklisted,2019,cameragear.news
Natural News (NewsTarget),Blacklisted,2019,campaignenterprise.com
Natural News (NewsTarget),Blacklisted,2019,campaignsoftware.com
Natural News (NewsTarget),Blacklisted,2019,cancer.news
Natural News (NewsTarget),Blacklisted,2019,cancermyths.com
Natural News (NewsTarget),Blacklisted,2019,cancerscams.news
Natural News (NewsTarget),Blacklisted,2019,cancertruthrevealed.com
Natural News (NewsTarget),Blacklisted,2019,capturetoxins.com
Jacobin,Generally reliable,2022,catalyst-journal.com
Natural News (NewsTarget),Blacklisted,2019,catastrophe.news
Cato Institute,No consensus,2015,cato.org
Natural News (NewsTarget),Blacklisted,2019,cdcreporter.com
CelebrityNetWorth,Generally unreliable,2018,celebritynetworth.com
Center for Economic and Policy Research (CEPR),No consensus,2020,cepr.net
Natural News (NewsTarget),Blacklisted,2019,cereals.news
Natural News (NewsTarget),Blacklisted,2019,cesiumeliminator.com
"CESNUR (Bitter Winter, Center for Studies on New Religions, Centro Studi sulle Nuove Religioni)",Generally unreliable,2022,cesnur.net
"CESNUR (Bitter Winter, Center for Studies on New Religions, Centro Studi sulle Nuove Religioni)",Generally unreliable,2022,cesnur.org
"China Global Television Network (CGTN, CCTV International) WP:CGTNÂ ğŸ“Œ",Deprecated,2020,cgtn.com
Natural News (NewsTarget),Blacklisted,2019,chelation.news
Advameg (City-Data),Blacklisted,2019,chemistryexplained.com
China Daily WP:CHINADAILYÂ ğŸ“Œ,No consensus,2021,chinadaily.com.cn
China Daily WP:CHINADAILYÂ ğŸ“Œ,No consensus,2021,chinadailyasia.com
China Daily WP:CHINADAILYÂ ğŸ“Œ,No consensus,2021,chinadailyhk.com
Peerage websites (self-published),Deprecated,2020,chivalricorders.org
Natural News (NewsTarget),Blacklisted,2019,chlorellafactor.com
Natural News (NewsTarget),Blacklisted,2019,chlorellanews.com
Natural News (NewsTarget),Blacklisted,2019,chlorellanews.org
Natural News (NewsTarget),Blacklisted,2019,chlorellascience.com
"Rate Your Music (RYM, Cinemos, Glitchwave, Sonemic)",Deprecated,2019,cinemos.com
Advameg (City-Data),Blacklisted,2019,city-data.com
Natural News (NewsTarget),Blacklisted,2019,civilization.news
Natural News (NewsTarget),Blacklisted,2019,cleanchlorella.com
Natural News (NewsTarget),Blacklisted,2019,cleanfood.news
Natural News (NewsTarget),Blacklisted,2019,cleanwater.news
CliffsNotes,No consensus,2018,cliffsnotes.com
Natural News (NewsTarget),Blacklisted,2019,climate.news
Climate Feedback,Generally reliable,2020,climatefeedback.org
Natural News (NewsTarget),Blacklisted,2019,climatesciencenews.com
"Hansard (UK Parliament transcripts, House of Commons, House of Lords)",No consensus,2019,cmhansrd
CNET (October 2020â€“November 2022),No consensus,2023,cnet.com
 CNET (November 2022â€“present) WP:CNETÂ ğŸ“Œ,Generally unreliable,2023,cnet.com
CNET (preâ€“October 2020),Generally reliable,2023,cnet.com
CNN (Cable News Network),Generally reliable,2022,cnn.com
" Media Research Center (MRC, CNSNews.com, Cybercast News Service, MRCTV, NewsBusters)",Generally unreliable,2020,cnsnews.com
Coda Media (Coda Story),Generally reliable,2021,codastory.com
CoinDesk WP:COINDESKÂ ğŸ“Œ,Generally unreliable,2023,coindesk.com
Natural News (NewsTarget),Blacklisted,2019,collectivewisdombooks.com
Natural News (NewsTarget),Blacklisted,2019,collectivewisdomguides.com
Natural News (NewsTarget),Blacklisted,2019,colloidalsilver.news
Natural News (NewsTarget),Blacklisted,2019,colloidalsilvernews.com
Common Sense Media (CSM) WP:CSMÂ ğŸ“Œ,Generally reliable,2020,commonsensemedia.org
Advameg (City-Data),Blacklisted,2019,company-histories.com
Natural News (NewsTarget),Blacklisted,2019,consciouscosmology.com
Natural News (NewsTarget),Blacklisted,2019,consciousness.news
"Blaze Media (BlazeTV, Conservative Review, CRTV, TheBlaze)",Generally unreliable,2018,conservativereview.com
Consortium News,Generally unreliable,2019,consortiumnews.com
Natural News (NewsTarget),Blacklisted,2019,consumers.news
Natural News (NewsTarget),Blacklisted,2019,consumerwellness.info
Natural News (NewsTarget),Blacklisted,2019,consumerwellness.org
Natural News (NewsTarget),Blacklisted,2019,contamination.news
Natural News (NewsTarget),Blacklisted,2019,cosmic.news
Cosmopolitan,No consensus,2019,cosmopolitan.com
Rolling Stone (Culture Council),Generally unreliable,2021,council.rollingstone.com
CounterPunch WP:COUNTERPUNCHÂ ğŸ“Œ,Generally unreliable,2022,counterpunch.com
CounterPunch WP:COUNTERPUNCHÂ ğŸ“Œ,Generally unreliable,2022,counterpunch.org
Natural News (NewsTarget),Blacklisted,2019,counterthink.co
Natural News (NewsTarget),Blacklisted,2019,courage.news
Cracked.com,Generally unreliable,2015,cracked.com
Peerage websites (self-published),Deprecated,2020,cracroftspeerage.co.uk
Crunchbase WP:CRUNCHBASEÂ ğŸ“Œ,Deprecated,2019,crunchbase.com
Flags of the World (website),Generally unreliable,2013,crwflags.com/fotw
"The Christian Science Monitor (CSM, CS Monitor) WP:CSMONITORÂ ğŸ“Œ",Generally reliable,2016,csmonitor.com
Advameg (City-Data),Blacklisted,2019,currency-conversion.info
The Daily Caller WP:DAILYCALLERÂ ğŸ“Œ,Deprecated,2019,dailycaller.com
The Daily Caller WP:DAILYCALLERÂ ğŸ“Œ,Deprecated,2019,dailycallernewsfoundation.org
The Daily Dot WP:DAILYDOTÂ ğŸ“Œ,No consensus,2022,dailydot.com
Daily Kos WP:DAILYKOSÂ ğŸ“Œ,Generally unreliable,2017,dailykos.com
Daily Mail (MailOnline) WP:DAILYMAILÂ ğŸ“Œ WP:RSPDMÂ ğŸ“Œ,Deprecated,2022,dailym.ai
Daily Mail (MailOnline) WP:DAILYMAILÂ ğŸ“Œ WP:RSPDMÂ ğŸ“Œ,Deprecated,2022,dailymail.co.uk
The Mail on Sunday WP:MAILONSUNDAYÂ ğŸ“Œ,Deprecated,2020,dailymail.co.uk/mailonsunday
Daily Mail (MailOnline) WP:DAILYMAILÂ ğŸ“Œ WP:RSPDMÂ ğŸ“Œ,Deprecated,2022,dailymail.com
Daily Mail (MailOnline) WP:DAILYMAILÂ ğŸ“Œ WP:RSPDMÂ ğŸ“Œ,Deprecated,2022,dailymail.com.au
Daily NK WP:DAILYNKÂ ğŸ“Œ,No consensus,2022,dailynk.com/english/
Daily Sabah,Generally unreliable,2020,dailysabah.com
Daily Star (UK) WP:DAILYSTARÂ ğŸ“Œ,Deprecated,2020,dailystar.co.uk
The Daily Wire,Generally unreliable,2021,dailywire.com
Natural News (NewsTarget),Blacklisted,2019,dangerousfood.com
Natural News (NewsTarget),Blacklisted,2019,dangerousfoods.com
Natural News (NewsTarget),Blacklisted,2019,dangerousingredients.com
Natural News (NewsTarget),Blacklisted,2019,dangerousmedicine.com
Deadline Hollywood WP:RSPDEADLINEÂ ğŸ“Œ,Generally reliable,2019,deadline.com
Deadline Hollywood WP:RSPDEADLINEÂ ğŸ“Œ,Generally reliable,2019,deadlinehollywooddaily.com
Advameg (City-Data),Blacklisted,2019,deathreference.com
Debrett's,Generally reliable,2020,debretts.com
Natural News (NewsTarget),Blacklisted,2019,dementia.news
Democracy Now!,No consensus,2013,democracynow.org
Deseret News,Generally reliable,2022,deseretnews.com
Natural News (NewsTarget),Blacklisted,2019,desertcures.com
Natural News (NewsTarget),Blacklisted,2019,desktopfabrication.com
Natural News (NewsTarget),Blacklisted,2019,desktopfabrication.news
Natural News (NewsTarget),Blacklisted,2019,detox.news
Digital Spy,Generally reliable,2012,digitalspy.co.uk
Digital Spy,Generally reliable,2012,digitalspy.com
Natural News (NewsTarget),Blacklisted,2019,disastersupply.com
Discogs  WP:RSDISCOGSÂ ğŸ“Œ,Generally unreliable,2019,discogs.com
Advameg (City-Data),Blacklisted,2019,discoveriesinmedicine.com
Natural News (NewsTarget),Blacklisted,2019,diseaseprevention.news
Natural News (NewsTarget),Blacklisted,2019,distributed.news
Natural News (NewsTarget),Blacklisted,2019,distributednews.com
Natural News (NewsTarget),Blacklisted,2019,divinitynow.com
Natural News (NewsTarget),Blacklisted,2019,dolphindialogs.com
Natural News (NewsTarget),Blacklisted,2019,domesticterrorism.com
"The Sun (UK) (The Sun on Sunday, The Irish Sun, The Scottish Sun, The U.S. Sun) WP:THESUNÂ ğŸ“Œ",Deprecated,2020,dreamteamfc.com
Advameg (City-Data),Blacklisted,2019,drug-data.com
"Deutsche Welle (DW, DW-TV)",Generally reliable,2022,dw.com/en
Natural News (NewsTarget),Blacklisted,2019,ecoleds.com
Natural News (NewsTarget),Blacklisted,2019,ecology.news
Natural News (NewsTarget),Blacklisted,2019,economiccollapse.news
The Economist,Generally reliable,2022,economist.com
Natural News (NewsTarget),Blacklisted,2019,electricity.news
The Electronic Intifada (EI),Generally unreliable,2018,electronicintifada.net
Natural News (NewsTarget),Blacklisted,2019,emaildesigntemplates.com
Natural News (NewsTarget),Blacklisted,2019,emailmarketingdirector.com
Natural News (NewsTarget),Blacklisted,2019,emergencyfood.news
Natural News (NewsTarget),Blacklisted,2019,emergencymedicine.news
Natural News (NewsTarget),Blacklisted,2019,endangeredknowledge.org
Engadget,Generally reliable,2012,engadget.com
Peerage websites (self-published),Deprecated,2020,englishmonarchs.co.uk
Natural News (NewsTarget),Blacklisted,2019,entitlements.news
Entrepreneur (Entrepreneur India),No consensus,2021,entrepreneur.com
The Epoch Times (New Tang Dynasty Television) WP:EPOCHTIMESÂ ğŸ“Œ,Deprecated,2020,epochtimes.com
Natural News (NewsTarget),Blacklisted,2019,ethics.news
Natural News (NewsTarget),Blacklisted,2019,euthanasia.news
Advameg (City-Data),Blacklisted,2019,everyculture.com
Entertainment Weekly (EW),Generally reliable,2018,ew.com
Examiner.com,Blacklisted,2014,examiner.com
Natural News (NewsTarget),Blacklisted,2019,excite.news
Natural News (NewsTarget),Blacklisted,2019,excitotoxins.com
Daily Express WP:DAILYEXPRESSÂ ğŸ“Œ,Generally unreliable,2020,express.co.uk
Natural News (NewsTarget),Blacklisted,2019,extinction.news
Facebook WP:RSPFBÂ ğŸ“Œ WP:RSPFACEBOOKÂ ğŸ“Œ,Generally unreliable,2020,facebook.com
Natural News (NewsTarget),Blacklisted,2019,factcheck.news
Natural News (NewsTarget),Blacklisted,2019,factoryfood.news
Fairness and Accuracy in Reporting (FAIR),No consensus,2014,fair.org
Natural News (NewsTarget),Blacklisted,2019,falloutblocker.com
Natural News (NewsTarget),Blacklisted,2019,falloutdefender.com
Natural News (NewsTarget),Blacklisted,2019,falloutdefense.com
Natural News (NewsTarget),Blacklisted,2019,falseflagreport.com
FamilySearch,Generally unreliable,2018,familysearch.org
Famous Birthdays WP:FAMOUSBIRTHDAYSÂ ğŸ“Œ WP:FAMOUS BIRTHDAYSÂ ğŸ“Œ,Blacklisted,2019,famousbirthdays.com
" Fandom wikis (Wikia, Wikicities) WP:FANDOMÂ ğŸ“Œ WP:RSPWIKIAÂ ğŸ“Œ",Generally unreliable,2019,fandom.com
Advameg (City-Data),Blacklisted,2019,faqs.org
Natural News (NewsTarget),Blacklisted,2019,farmacy.news
Natural News (NewsTarget),Blacklisted,2019,fascism.news
Advameg (City-Data),Blacklisted,2019,fashionencyclopedia.com
Natural News (NewsTarget),Blacklisted,2019,fasting.news
Natural News (NewsTarget),Blacklisted,2019,fdareform.org
Advameg (City-Data),Blacklisted,2019,filmreference.com
Find a Grave,Generally unreliable,2021,findagrave.com
Daily Mail (MailOnline) WP:DAILYMAILÂ ğŸ“Œ WP:RSPDMÂ ğŸ“Œ,Deprecated,2022,findarticles.com/p/news-articles/daily-mail-london-england-the/
Findmypast,Generally unreliable,2019,findmypast.co.uk
Natural News (NewsTarget),Blacklisted,2019,firstamendment.news
Natural News (NewsTarget),Blacklisted,2019,fishdefense.com
Natural News (NewsTarget),Blacklisted,2019,fishoils.news
Natural News (NewsTarget),Blacklisted,2019,fitnessheadlines.com
Natural News (NewsTarget),Blacklisted,2019,fiveshockingfacts.com
Natural News (NewsTarget),Blacklisted,2019,fivestepguides.com
Natural News (NewsTarget),Blacklisted,2019,fivestepsolutions.com
Flickr,Generally unreliable,2020,flickr.com
Natural News (NewsTarget),Blacklisted,2019,flusurvival.com
Natural News (NewsTarget),Blacklisted,2019,food.news
Natural News (NewsTarget),Blacklisted,2019,foodbars.news
Advameg (City-Data),Blacklisted,2019,foodbycountry.com
Natural News (NewsTarget),Blacklisted,2019,foodcures.news
Natural News (NewsTarget),Blacklisted,2019,foodfabnews.com
Natural News (NewsTarget),Blacklisted,2019,foodfabrecipes.com
Natural News (NewsTarget),Blacklisted,2019,foodfabstore.com
Natural News (NewsTarget),Blacklisted,2019,foodfactor.com
Natural News (NewsTarget),Blacklisted,2019,foodfascism.com
Natural News (NewsTarget),Blacklisted,2019,foodforensics.com
Natural News (NewsTarget),Blacklisted,2019,foodfreedom.news
Natural News (NewsTarget),Blacklisted,2019,foodinvestigation.com
Natural News (NewsTarget),Blacklisted,2019,foodinvestigations.com
Natural News (NewsTarget),Blacklisted,2019,foodismedicine.com
Natural News (NewsTarget),Blacklisted,2019,foodlabels.news
Natural News (NewsTarget),Blacklisted,2019,foodrising.com
Natural News (NewsTarget),Blacklisted,2019,foodrising.news
Natural News (NewsTarget),Blacklisted,2019,foodrising.org
Natural News (NewsTarget),Blacklisted,2019,foodscience.news
Natural News (NewsTarget),Blacklisted,2019,foodshortage.news
Natural News (NewsTarget),Blacklisted,2019,foodstamps.news
Natural News (NewsTarget),Blacklisted,2019,foodstorage.news
Natural News (NewsTarget),Blacklisted,2019,foodtesting.news
Forbes WP:FORBESÂ ğŸ“Œ,Generally reliable,2022,forbes.com
 Forbes.com contributors WP:FORBESCONÂ ğŸ“Œ,Generally unreliable,2022,forbes.com
Flags of the World (website),Generally unreliable,2013,fotw.info
Fox News[r] (news excluding politics and science) WP:FOXNEWSÂ ğŸ“Œ,Generally reliable,2023,foxbusiness.com
Fox News[r] (news excluding politics and science) WP:FOXNEWSÂ ğŸ“Œ,Generally reliable,2023,foxnews.com
Fox News[r] (politics and science) WP:FOXNEWSPOLITICSÂ ğŸ“Œ,No consensus,2022,foxnews.com
Fox News[r] (talk shows),Generally unreliable,2020,foxnews.com
Natural News (NewsTarget),Blacklisted,2019,freedomvideos.com
"FrontPage Magazine (FPM, FrontPageMag.com) WP:FPMÂ ğŸ“Œ",Deprecated,2022,frontpagemag.com
"FrontPage Magazine (FPM, FrontPageMag.com) WP:FPMÂ ğŸ“Œ",Deprecated,2022,frontpagemagazine.com
Natural News (NewsTarget),Blacklisted,2019,fruits.news
Financial Times,Generally reliable,2018,ft.com
Natural News (NewsTarget),Blacklisted,2019,fukushimadefense.com
Advameg (City-Data),Blacklisted,2019,fundinguniverse.com
Natural News (NewsTarget),Blacklisted,2019,gadgetreviews.news
Game Developer (Gamasutra),Generally reliable,2020,gamasutra.com
Game Developer (Gamasutra),Generally reliable,2020,gamedeveloper.com
Game Informer,Generally reliable,2021,gameinformer.com
Metacritic (GameRankings),Generally reliable,2017,gamerankings.com
Gawker,Generally unreliable,2019,gawker.com
Natural News (NewsTarget),Blacklisted,2019,genetherapy.news
Natural News (NewsTarget),Blacklisted,2019,geneticallymodifiedrhymes.com
Natural News (NewsTarget),Blacklisted,2019,geneticengineeringtoday.com
Geni.com,Generally unreliable,2019,geni.com
Genius (Rap Genius) WP:GENIUSÂ ğŸ“Œ,No consensus,2019,genius.com
GEOnet Names Server (GNS) (feature classes),Generally unreliable,2021,geonames.nga.mil
GEOnet Names Server (GNS) (names and locations),No consensus,2021,geonames.nga.mil
Geographic Names Information System (GNIS) (feature classes),Generally unreliable,2021,geonames.usgs.gov
Geographic Names Information System (GNIS) (names and locations),Generally reliable,2022,geonames.usgs.gov
Gizmodo,Generally reliable,2021,gizmodo.com
"Rate Your Music (RYM, Cinemos, Glitchwave, Sonemic)",Deprecated,2019,glitchwave.com
Natural News (NewsTarget),Blacklisted,2019,globalcooling.news
"Centre for Research on Globalisation (CRG, Global Research, globalresearch.ca)",Blacklisted,2019,globalresearch.ca
"Centre for Research on Globalisation (CRG, Global Research, globalresearch.ca)",Blacklisted,2019,globalresearch.org
GlobalSecurity.org WP:GLOBALSECURITYÂ ğŸ“Œ,Generally unreliable,2022,globalsecurity.org
Global Times (Huanqiu Shibao) WP:GLOBALTIMESÂ ğŸ“Œ,Deprecated,2021,globaltimes.cn
Natural News (NewsTarget),Blacklisted,2019,gmorhymes.com
Natural News (NewsTarget),Blacklisted,2019,gmosong.com
Goodreads WP:GOODREADSÂ ğŸ“Œ,Generally unreliable,2018,goodreads.com
Google Maps (Google Street View) WP:GOOGLEMAPSÂ ğŸ“Œ,No consensus,2022,google.com/maps
Natural News (NewsTarget),Blacklisted,2019,grassrootsvideos.com
Natural News (NewsTarget),Blacklisted,2019,greenenergy.news
Natural News (NewsTarget),Blacklisted,2019,greenhomes.news
Natural News (NewsTarget),Blacklisted,2019,greenlivingreport.com
Natural News (NewsTarget),Blacklisted,2019,greenwashing.news
Natural News (NewsTarget),Blacklisted,2019,griddown.news
Natural News (NewsTarget),Blacklisted,2019,griddownnews.com
Natural News (NewsTarget),Blacklisted,2019,grocery.news
Natural News (NewsTarget),Blacklisted,2019,grocerycures.com
Natural News (NewsTarget),Blacklisted,2019,groceryreview.com
Natural News (NewsTarget),Blacklisted,2019,grocerywarning.com
Natural News (NewsTarget),Blacklisted,2019,groovybee.us
Natural News (NewsTarget),Blacklisted,2019,growableorganics.com
Natural News (NewsTarget),Blacklisted,2019,growyourmedicine.com
" New York (Vulture, The Cut, Grub Street, Daily Intelligencer)",Generally reliable,2016,grubstreet.com
The Guardian blogs,No consensus,2020,guardian.co.uk
"The Guardian (TheGuardian.com, The Manchester Guardian, The Observer)",Generally reliable,2019,guardian.co.uk
Guinness World Records,No consensus,2020,guinnessworldrecords.com
Haaretz (á¸¤adashot Ha'aretz),Generally reliable,2021,haaretz.co.il
Haaretz (á¸¤adashot Ha'aretz),Generally reliable,2021,haaretz.com
"Hansard (UK Parliament transcripts, House of Commons, House of Lords)",No consensus,2019,hansard.millbanksystems.com
"Hansard (UK Parliament transcripts, House of Commons, House of Lords)",No consensus,2019,hansard.parliament.uk
Natural News (NewsTarget),Blacklisted,2019,happyplanetnews.com
Natural News (NewsTarget),Blacklisted,2019,happyplanetshop.com
Natural News (NewsTarget),Blacklisted,2019,healingarts.news
Natural News (NewsTarget),Blacklisted,2019,healingfoods.news
Natural News (NewsTarget),Blacklisted,2019,healingfromheavymetals.com
Natural News (NewsTarget),Blacklisted,2019,healingplants.news
Natural News (NewsTarget),Blacklisted,2019,health.news
Natural News (NewsTarget),Blacklisted,2019,healthbooksummaries.com
Natural News (NewsTarget),Blacklisted,2019,healthderanger.com
Natural News (NewsTarget),Blacklisted,2019,healthderanger.info
Natural News (NewsTarget),Blacklisted,2019,healthderanger.org
Natural News (NewsTarget),Blacklisted,2019,healthfreedomreport.org
Advameg (City-Data),Blacklisted,2019,healthofchildren.com
Natural News (NewsTarget),Blacklisted,2019,healthproductsnews.com
Natural News (NewsTarget),Blacklisted,2019,healthranger.co
Natural News (NewsTarget),Blacklisted,2019,healthranger.com
Natural News (NewsTarget),Blacklisted,2019,healthranger.info
Natural News (NewsTarget),Blacklisted,2019,healthranger.me
Natural News (NewsTarget),Blacklisted,2019,healthranger.mobi
Natural News (NewsTarget),Blacklisted,2019,healthranger.news
Natural News (NewsTarget),Blacklisted,2019,healthranger.org
Natural News (NewsTarget),Blacklisted,2019,healthrangerdiabetescure.com
Natural News (NewsTarget),Blacklisted,2019,healthrangerlive.com
Natural News (NewsTarget),Blacklisted,2019,healthrangerorganics.com
Natural News (NewsTarget),Blacklisted,2019,healthrangerradio.com
Natural News (NewsTarget),Blacklisted,2019,healthrangersdiabetescure.com
Natural News (NewsTarget),Blacklisted,2019,healthrangerstorableorganics.com
Natural News (NewsTarget),Blacklisted,2019,healthrevolutionpetition.org
Natural News (NewsTarget),Blacklisted,2019,healthrevolutiontour.com
Heat Street,Generally unreliable,2017,heatst.com
Heavy.com,No consensus,2022,heavy.com
Natural News (NewsTarget),Blacklisted,2019,heavymetals.news
Natural News (NewsTarget),Blacklisted,2019,heavymetalsblocker.com
Natural News (NewsTarget),Blacklisted,2019,heavymetalsdefense.com
Natural News (NewsTarget),Blacklisted,2019,heavymetalsnews.com
Natural News (NewsTarget),Blacklisted,2019,herbal.news
Natural News (NewsTarget),Blacklisted,2019,herbfacts.com
Natural News (NewsTarget),Blacklisted,2019,herbranger.com
Natural News (NewsTarget),Blacklisted,2019,herbreference.com
Natural News (NewsTarget),Blacklisted,2019,heritage.news
Natural News (NewsTarget),Blacklisted,2019,heritagewhey.news
Natural News (NewsTarget),Blacklisted,2019,higher.news
HispanTV,Deprecated,2019,hispantv.com
HispanTV,Deprecated,2019,hispantv.ir
History (The History Channel) WP:RSPHISTORYÂ ğŸ“Œ,Generally unreliable,2021,history.com
Apple Daily,No consensus,2021,hk.appledaily.com
The Hollywood Reporter (THR) WP:THRÂ ğŸ“Œ,Generally reliable,2018,hollywoodreporter.com
Natural News (NewsTarget),Blacklisted,2019,homegardening.news
Natural News (NewsTarget),Blacklisted,2019,homeschooling.news
Natural News (NewsTarget),Blacklisted,2019,homewaterpurification.com
Natural News (NewsTarget),Blacklisted,2019,honestfoodguide.com
Natural News (NewsTarget),Blacklisted,2019,honestfoodguide.org
Natural News (NewsTarget),Blacklisted,2019,honeybees.news
Hope not Hate (Searchlight),No consensus,2019,hopenothate.org.uk
New Eastern Outlook,Deprecated,2022,https://journal-neo.org/
Global Times (Huanqiu Shibao) WP:GLOBALTIMESÂ ğŸ“Œ,Deprecated,2021,huanqiu.com
HuffPost (excluding politics) (The Huffington Post) WP:HUFFPOÂ ğŸ“Œ WP:HUFFPOSTÂ ğŸ“Œ,Generally reliable,2021,huffingtonpost.ca
HuffPost (politics) (The Huffington Post),No consensus,2020,huffingtonpost.ca
HuffPost (excluding politics) (The Huffington Post) WP:HUFFPOÂ ğŸ“Œ WP:HUFFPOSTÂ ğŸ“Œ,Generally reliable,2021,huffingtonpost.co.uk
HuffPost (politics) (The Huffington Post),No consensus,2020,huffingtonpost.co.uk
HuffPost (politics) (The Huffington Post),No consensus,2020,huffingtonpost.com
HuffPost contributors (The Huffington Post),Generally unreliable,2020,huffingtonpost.com
HuffPost (excluding politics) (The Huffington Post) WP:HUFFPOÂ ğŸ“Œ WP:HUFFPOSTÂ ğŸ“Œ,Generally reliable,2021,huffingtonpost.com
HuffPost (politics) (The Huffington Post),No consensus,2020,huffingtonpost.com.au
HuffPost (excluding politics) (The Huffington Post) WP:HUFFPOÂ ğŸ“Œ WP:HUFFPOSTÂ ğŸ“Œ,Generally reliable,2021,huffingtonpost.com.au
HuffPost (politics) (The Huffington Post),No consensus,2020,huffingtonpost.com.mx
HuffPost (excluding politics) (The Huffington Post) WP:HUFFPOÂ ğŸ“Œ WP:HUFFPOSTÂ ğŸ“Œ,Generally reliable,2021,huffingtonpost.com.mx
HuffPost (excluding politics) (The Huffington Post) WP:HUFFPOÂ ğŸ“Œ WP:HUFFPOSTÂ ğŸ“Œ,Generally reliable,2021,huffingtonpost.de
HuffPost (politics) (The Huffington Post),No consensus,2020,huffingtonpost.de
HuffPost (excluding politics) (The Huffington Post) WP:HUFFPOÂ ğŸ“Œ WP:HUFFPOSTÂ ğŸ“Œ,Generally reliable,2021,huffingtonpost.es
HuffPost (politics) (The Huffington Post),No consensus,2020,huffingtonpost.es
HuffPost (excluding politics) (The Huffington Post) WP:HUFFPOÂ ğŸ“Œ WP:HUFFPOSTÂ ğŸ“Œ,Generally reliable,2021,huffingtonpost.fr
HuffPost (politics) (The Huffington Post),No consensus,2020,huffingtonpost.fr
HuffPost (politics) (The Huffington Post),No consensus,2020,huffingtonpost.gr
HuffPost (excluding politics) (The Huffington Post) WP:HUFFPOÂ ğŸ“Œ WP:HUFFPOSTÂ ğŸ“Œ,Generally reliable,2021,huffingtonpost.gr
HuffPost (excluding politics) (The Huffington Post) WP:HUFFPOÂ ğŸ“Œ WP:HUFFPOSTÂ ğŸ“Œ,Generally reliable,2021,huffingtonpost.in
HuffPost (politics) (The Huffington Post),No consensus,2020,huffingtonpost.in
HuffPost (politics) (The Huffington Post),No consensus,2020,huffingtonpost.it
HuffPost (excluding politics) (The Huffington Post) WP:HUFFPOÂ ğŸ“Œ WP:HUFFPOSTÂ ğŸ“Œ,Generally reliable,2021,huffingtonpost.it
HuffPost (excluding politics) (The Huffington Post) WP:HUFFPOÂ ğŸ“Œ WP:HUFFPOSTÂ ğŸ“Œ,Generally reliable,2021,huffingtonpost.jp
HuffPost (politics) (The Huffington Post),No consensus,2020,huffingtonpost.jp
HuffPost (excluding politics) (The Huffington Post) WP:HUFFPOÂ ğŸ“Œ WP:HUFFPOSTÂ ğŸ“Œ,Generally reliable,2021,huffingtonpost.kr
HuffPost (politics) (The Huffington Post),No consensus,2020,huffingtonpost.kr
HuffPost (politics) (The Huffington Post),No consensus,2020,huffpost.com
HuffPost contributors (The Huffington Post),Generally unreliable,2020,huffpost.com
HuffPost (excluding politics) (The Huffington Post) WP:HUFFPOÂ ğŸ“Œ WP:HUFFPOSTÂ ğŸ“Œ,Generally reliable,2021,huffpost.com
HuffPost (excluding politics) (The Huffington Post) WP:HUFFPOÂ ğŸ“Œ WP:HUFFPOSTÂ ğŸ“Œ,Generally reliable,2021,huffpostbrasil.com
HuffPost (politics) (The Huffington Post),No consensus,2020,huffpostbrasil.com
HuffPost (excluding politics) (The Huffington Post) WP:HUFFPOÂ ğŸ“Œ WP:HUFFPOSTÂ ğŸ“Œ,Generally reliable,2021,huffpostmaghreb.com
HuffPost (politics) (The Huffington Post),No consensus,2020,huffpostmaghreb.com
Human Events,No consensus,2019,humanevents.com
Advameg (City-Data),Blacklisted,2019,humanillnesses.com
Natural News (NewsTarget),Blacklisted,2019,humanitarian.news
Natural News (NewsTarget),Blacklisted,2019,humanpowered.news
Natural News (NewsTarget),Blacklisted,2019,humanpowernews.com
Natural News (NewsTarget),Blacklisted,2019,hyperinflationreport.com
"International Business Times (IBT, IBTimes) WP:IBTIMESÂ ğŸ“Œ ",Generally unreliable,2019,ibtimes.co.in
"International Business Times (IBT, IBTimes) WP:IBTIMESÂ ğŸ“Œ ",Generally unreliable,2019,ibtimes.co.uk
"International Business Times (IBT, IBTimes) WP:IBTIMESÂ ğŸ“Œ ",Generally unreliable,2019,ibtimes.com
"International Business Times (IBT, IBTimes) WP:IBTIMESÂ ğŸ“Œ ",Generally unreliable,2019,ibtimes.com.au
"International Business Times (IBT, IBTimes) WP:IBTIMESÂ ğŸ“Œ ",Generally unreliable,2019,ibtimes.com.cn
"International Business Times (IBT, IBTimes) WP:IBTIMESÂ ğŸ“Œ ",Generally unreliable,2019,ibtimes.sg
Idolator,Generally reliable,2014,idolator.com
International Fact-Checking Network (IFCN) WP:IFCNÂ ğŸ“Œ,Generally reliable,2020,ifcncodeofprinciples.poynter.org
IGN (Imagine Games Network) WP:IGNÂ ğŸ“Œ,Generally reliable,2017,ign.com
Independent Journal Review (IJR),No consensus,2018,ijr.com
"Independent Media Center (Indymedia, IMC) WP:IMCÂ ğŸ“Œ",Generally unreliable,2020,imc-africa.mayfirst.org
IMDb (Internet Movie Database) WP:IMDBÂ ğŸ“Œ,Generally unreliable,2020,imdb.com
Natural News (NewsTarget),Blacklisted,2019,inaturalnews.com
Natural News (NewsTarget),Blacklisted,2019,incredible.news
The Independent,Generally reliable,2021,independent.co.uk
The Indian Express WP:INDIANEXPÂ ğŸ“Œ,Generally reliable,2020,indianexpress.com
Natural News (NewsTarget),Blacklisted,2019,indoctrination.news
"Independent Media Center (Indymedia, IMC) WP:IMCÂ ğŸ“Œ",Generally unreliable,2020,indybay.org
"Independent Media Center (Indymedia, IMC) WP:IMCÂ ğŸ“Œ",Generally unreliable,2020,indymedia.ie
"Independent Media Center (Indymedia, IMC) WP:IMCÂ ğŸ“Œ",Generally unreliable,2020,indymedia.nl
"Independent Media Center (Indymedia, IMC) WP:IMCÂ ğŸ“Œ",Generally unreliable,2020,indymedia.no
"Independent Media Center (Indymedia, IMC) WP:IMCÂ ğŸ“Œ",Generally unreliable,2020,indymedia.org
"Independent Media Center (Indymedia, IMC) WP:IMCÂ ğŸ“Œ",Generally unreliable,2020,indymedia.org.uk
"Independent Media Center (Indymedia, IMC) WP:IMCÂ ğŸ“Œ",Generally unreliable,2020,indymedia.us
"Independent Media Center (Indymedia, IMC) WP:IMCÂ ğŸ“Œ",Generally unreliable,2020,indymediapr.org
Natural News (NewsTarget),Blacklisted,2019,influencetoday.com
InfoWars (NewsWars) WP:INFOWARSÂ ğŸ“Œ,Blacklisted,2018,infowars.com
InfoWars (NewsWars) WP:INFOWARSÂ ğŸ“Œ,Blacklisted,2018,infowars.net
InfoWars (NewsWars) WP:INFOWARSÂ ğŸ“Œ,Blacklisted,2018,infowars.tv
Inquisitr,Generally unreliable,2021,inquisitr.com
Natural News (NewsTarget),Blacklisted,2019,inshape.news
"Insider (excluding culture) (Business Insider, Markets Insider, Tech Insider) WP:BIÂ ğŸ“Œ WP:BUSINESSINSIDERÂ ğŸ“Œ",No consensus,2022,insider.com
Insider (culture),Generally reliable,2021,insider.com
Natural News (NewsTarget),Blacklisted,2019,intelligence.news
Natural News (NewsTarget),Blacklisted,2019,intelligentdesign.news
Natural News (NewsTarget),Blacklisted,2019,intolerance.news
Natural News (NewsTarget),Blacklisted,2019,inventors.news
Investopedia WP:INVESTOPEDIAÂ ğŸ“Œ,Generally unreliable,2023,investopedia.com
Inter Press Service (IPS),Generally reliable,2011,ipscuba.net
Inter Press Service (IPS),Generally reliable,2011,ipsnews.net
Inter Press Service (IPS),Generally reliable,2011,ipsnoticias.net
 EncyclopÃ¦dia Iranica,Generally reliable,2022,iranicaonline.org
IslamQA.info,No consensus,2022,islamqa.info
Jacobin,Generally reliable,2022,jacobinmag.com
Peerage websites (self-published),Deprecated,2020,jacobite.ca
JAMA (Journal of the American Medical Association),Generally reliable,2018,jamanetwork.com
Jewish Virtual Library (JVL),Generally unreliable,2021,jewishvirtuallibrary.org
Jezebel WP:JEZEBELÂ ğŸ“Œ,No consensus,2016,jezebel.com
Jihad Watch,Deprecated,2021,jihadwatch.org
Joshua Project,Generally unreliable,2022,joshuaproject.net
Pew Research Center,Generally reliable,2012,journalism.org
Kirkus Reviews WP:KIRKUSÂ ğŸ“Œ,Generally reliable,2021,kirkusreviews.com
Natural News (NewsTarget),Blacklisted,2019,kitchengadgets.news
Know Your Meme (KYM) WP:KNOWYOURMEMEÂ ğŸ“Œ,Generally unreliable,2022,knowyourmeme.com
Kommersant (ĞšĞ¾Ğ¼Ğ¼ĞµÑ€ÑĞ°Ğ½Ñ‚ÑŠ),Generally reliable,2021,kommersant.com
Kommersant (ĞšĞ¾Ğ¼Ğ¼ĞµÑ€ÑĞ°Ğ½Ñ‚ÑŠ),Generally reliable,2021,kommersant.ru
Kommersant (ĞšĞ¾Ğ¼Ğ¼ĞµÑ€ÑĞ°Ğ½Ñ‚ÑŠ),Generally reliable,2021,kommersant.uk
Natural News (NewsTarget),Blacklisted,2019,labeling.news
Natural News (NewsTarget),Blacklisted,2019,languagecodes.com
Last.fm,Deprecated,2019,last.fm
Los Angeles Times WP:LATIMESÂ ğŸ“Œ,Generally reliable,2016,latimes.com
"Hansard (UK Parliament transcripts, House of Commons, House of Lords)",No consensus,2019,ldhansrd
Natural News (NewsTarget),Blacklisted,2019,leftbehind.news
Lenta.ru (12 March 2014â€“present),Blacklisted,2020,lenta.ru
Natural News (NewsTarget),Blacklisted,2019,lifeafterdeath.news
Natural News (NewsTarget),Blacklisted,2019,lifemanuals.com
LifeSiteNews (Campaign Life Coalition) WP:LIFESITENEWSÂ ğŸ“Œ,Deprecated,2019,lifesite.net
LifeSiteNews (Campaign Life Coalition) WP:LIFESITENEWSÂ ğŸ“Œ,Deprecated,2019,lifesitenews.com
Natural News (NewsTarget),Blacklisted,2019,lifetips.news
"Dotdash (About.com, The Balance, Lifewire, The Spruce, ThoughtCo, TripSavvy, Verywell)",No consensus,2020,lifewire.com
LinkedIn (LinkedIn Pulse) WP:RSPLINKEDINÂ ğŸ“Œ,Generally unreliable,2020,linkedin.com
Natural News (NewsTarget),Blacklisted,2019,linkseed.com
LiveJournal,Generally unreliable,2020,livejournal.com
LiveLeak,Blacklisted,2019,liveleak.com
Natural News (NewsTarget),Blacklisted,2019,lostsecretsofhealth.com
Advameg (City-Data),Blacklisted,2019,lovetheoutdoors.com
Natural News (NewsTarget),Blacklisted,2019,lowheavymetals.org
Natural News (NewsTarget),Blacklisted,2019,lowheavymetalsverified.org
Lulu.com (Lulu Press),Blacklisted,2019,lulu.com
Advameg (City-Data),Blacklisted,2019,madehow.com
Daily Mail (MailOnline) WP:DAILYMAILÂ ğŸ“Œ WP:RSPDMÂ ğŸ“Œ,Deprecated,2022,mailonline.pressreader.com
The Mail on Sunday WP:MAILONSUNDAYÂ ğŸ“Œ,Deprecated,2020,mailonsunday.co.uk
Daily Mail (MailOnline) WP:DAILYMAILÂ ğŸ“Œ WP:RSPDMÂ ğŸ“Œ,Deprecated,2022,mailpictures.newsprints.co.uk
Daily Mail (MailOnline) WP:DAILYMAILÂ ğŸ“Œ WP:RSPDMÂ ğŸ“Œ,Deprecated,2022,mailplus.co.uk
Natural News (NewsTarget),Blacklisted,2019,malnutrition.news
Google Maps (Google Street View) WP:GOOGLEMAPSÂ ğŸ“Œ,No consensus,2022,maps.google.com
Marquis Who's Who (Who's Who in America),Generally unreliable,2022,marquiswhoswho.com
Mashable (sponsored content),Generally unreliable,2021,mashable.com
Mashable (non-sponsored content) WP:MASHABLEÂ ğŸ“Œ,No consensus,2021,mashable.com
"Stack Exchange (Stack Overflow, MathOverflow, Ask Ubuntu)",Generally unreliable,2018,mathoverflow.net
Natural News (NewsTarget),Blacklisted,2019,mayhem.news
MDPI (Multidisciplinary Digital Publishing Institute) WP:MDPIÂ ğŸ“Œ,No consensus,2021,mdpi.com
Media Bias/Fact Check (MBFC) WP:MBFCÂ ğŸ“Œ WP:MB/FCÂ ğŸ“Œ,Generally unreliable,2021,mediabiasfactcheck.com
Mediaite,No consensus,2019,mediaite.com
Media Matters for America (MMfA) WP:MEDIAMATTERSÂ ğŸ“Œ,No consensus,2019,mediamatters.org
Natural News (NewsTarget),Blacklisted,2019,medicaljournalwatch.com
Natural News (NewsTarget),Blacklisted,2019,medicalviolence.com
Natural News (NewsTarget),Blacklisted,2019,medicinalherbs.news
Medium WP:MEDIUMÂ ğŸ“Œ,Generally unreliable,2022,medium.com
Middle East Media Research Institute (MEMRI),No consensus,2020,memri.org
Middle East Media Research Institute (MEMRI),No consensus,2020,memritv.org
Natural News (NewsTarget),Blacklisted,2019,mental.news
Natural News (NewsTarget),Blacklisted,2019,mercuryaway.com
Metacritic (GameRankings),Generally reliable,2017,metacritic.com
"Encyclopaedia Metallum (Metal Archives, MA) WP:METALLUMÂ ğŸ“Œ",Generally unreliable,2016,metal-archives.com
"Metal-experience.com WP:METALEXPERIENCEÂ ğŸ“Œ
",Generally unreliable,2021,metal-experience.com
Natural News (NewsTarget),Blacklisted,2019,metalsdefense.com
MetalSucks,No consensus,2018,metalsucks.net
Metro (UK) WP:METROÂ ğŸ“Œ,Generally unreliable,2017,metro.co.uk
Metro (UK) WP:METROÂ ğŸ“Œ,Generally unreliable,2017,metro.news
Mail & Guardian,Generally reliable,2021,mg.co.za
"Independent Media Center (Indymedia, IMC) WP:IMCÂ ğŸ“Œ",Generally unreliable,2020,michiganimc.org
"Independent Media Center (Indymedia, IMC) WP:IMCÂ ğŸ“Œ",Generally unreliable,2020,midiaindependente.org
Natural News (NewsTarget),Blacklisted,2019,mighty.news
Natural News (NewsTarget),Blacklisted,2019,mikeadams.me
Natural News (NewsTarget),Blacklisted,2019,mind.news
Natural News (NewsTarget),Blacklisted,2019,mindcontrol.news
Advameg (City-Data),Blacklisted,2019,minddisorders.com
Natural News (NewsTarget),Blacklisted,2019,minifarmgrowbox.org
MintPress News,Deprecated,2019,mintpressnews.cn
MintPress News,Deprecated,2019,mintpressnews.com
MintPress News,Deprecated,2019,mintpressnews.es
MintPress News,Deprecated,2019,mintpressnews.ru
Daily Mirror (Mirror) WP:DAILYMIRRORÂ ğŸ“Œ,No consensus,2020,mirror.co.uk
Natural News (NewsTarget),Blacklisted,2019,mojo.news
Le Monde diplomatique,Generally reliable,2018,monde-diplomatique.fr
Le Monde diplomatique,Generally reliable,2018,mondediplo.com
"Centre for Research on Globalisation (CRG, Global Research, globalresearch.ca)",Blacklisted,2019,mondialisation.ca
Mondoweiss,No consensus,2019,mondoweiss.net
Natural News (NewsTarget),Blacklisted,2019,moringa.news
Morning Star (UK),No consensus,2019,morningstaronline.co.uk
Mother Jones (MoJo) WP:MOTHERJONESÂ ğŸ“Œ,Generally reliable,2019,motherjones.com
Natural News (NewsTarget),Blacklisted,2019,moviereviews.news
" Media Research Center (MRC, CNSNews.com, Cybercast News Service, MRCTV, NewsBusters)",Generally unreliable,2020,mrc.org
" Media Research Center (MRC, CNSNews.com, Cybercast News Service, MRCTV, NewsBusters)",Generally unreliable,2020,mrctv.org
Natural News (NewsTarget),Blacklisted,2019,mrsa.news
Natural News (NewsTarget),Blacklisted,2019,msg.news
MSNBC,Generally reliable,2020,msnbc.com
Natural News (NewsTarget),Blacklisted,2019,multiverse.news
Advameg (City-Data),Blacklisted,2019,musicbanter.com
MyLife (Reunion.com),Blacklisted,2019,mylife.com
Natural News (NewsTarget),Blacklisted,2019,myradiationdefense.com
Advameg (City-Data),Blacklisted,2019,mythencyclopedia.com
Natural News (NewsTarget),Blacklisted,2019,myths.news
National Enquirer,Deprecated,2019,nationalenquirer.com
National Geographic WP:NATGEOÂ ğŸ“Œ,Generally reliable,2020,nationalgeographic.com
National Review (NR) WP:NATIONALREVIEWÂ ğŸ“Œ,No consensus,2018,nationalreview.com
Advameg (City-Data),Blacklisted,2019,nationsencyclopedia.com
Natural News (NewsTarget),Blacklisted,2019,naturalactionnetwork.org
Natural News (NewsTarget),Blacklisted,2019,naturalcures.news
Natural News (NewsTarget),Blacklisted,2019,naturaldisaster.news
Natural News (NewsTarget),Blacklisted,2019,naturaldivinity.com
Natural News (NewsTarget),Blacklisted,2019,naturaldivinity.org
Natural News (NewsTarget),Blacklisted,2019,naturalfoods.news
Natural News (NewsTarget),Blacklisted,2019,naturalhealth.news
Natural News (NewsTarget),Blacklisted,2019,naturalhealthbookstore.com
Natural News (NewsTarget),Blacklisted,2019,naturalhealthconsumer.com
Natural News (NewsTarget),Blacklisted,2019,naturalhealthcustomers.com
Natural News (NewsTarget),Blacklisted,2019,naturalhealthdiet.com
Natural News (NewsTarget),Blacklisted,2019,naturalhealthdoctors.com
Natural News (NewsTarget),Blacklisted,2019,naturalhealthexchange.com
Natural News (NewsTarget),Blacklisted,2019,naturalhealthformulas.com
Natural News (NewsTarget),Blacklisted,2019,naturalhealthgrocery.com
Natural News (NewsTarget),Blacklisted,2019,naturalhealthheadlines.com
Natural News (NewsTarget),Blacklisted,2019,naturalhealthletter.com
Natural News (NewsTarget),Blacklisted,2019,naturalhealthlibrary.com
Natural News (NewsTarget),Blacklisted,2019,naturalhealthnews.com
Natural News (NewsTarget),Blacklisted,2019,naturalhealthreader.com
Natural News (NewsTarget),Blacklisted,2019,naturalhealthrecipes.com
Natural News (NewsTarget),Blacklisted,2019,naturalhealthreport.com
Natural News (NewsTarget),Blacklisted,2019,naturalhealthreports.com
Natural News (NewsTarget),Blacklisted,2019,naturalhealthshopper.com
Natural News (NewsTarget),Blacklisted,2019,naturalhealthtalk.com
Natural News (NewsTarget),Blacklisted,2019,naturalhealthtimes.com
Natural News (NewsTarget),Blacklisted,2019,naturalhealthupdate.com
Natural News (NewsTarget),Blacklisted,2019,naturalhealthvideos.com
Natural News (NewsTarget),Blacklisted,2019,naturalhealthwire.org
Natural News (NewsTarget),Blacklisted,2019,naturally.news
Natural News (NewsTarget),Blacklisted,2019,naturalmedicine.news
Natural News (NewsTarget),Blacklisted,2019,naturalnews.co
Natural News (NewsTarget),Blacklisted,2019,naturalnews.com
Natural News (NewsTarget),Blacklisted,2019,naturalnews.mobi
Natural News (NewsTarget),Blacklisted,2019,naturalnewsvideos.com
Natural News (NewsTarget),Blacklisted,2019,naturalosophy.com
Natural News (NewsTarget),Blacklisted,2019,naturalosophy.org
Natural News (NewsTarget),Blacklisted,2019,naturalpedia.com
Natural News (NewsTarget),Blacklisted,2019,naturalpedia.org
Natural News (NewsTarget),Blacklisted,2019,naturalpreppers.com
Natural News (NewsTarget),Blacklisted,2019,naturalproducts.news
Natural News (NewsTarget),Blacklisted,2019,naturalvideonews.com
NBC News,Generally reliable,2020,nbcnews.com
Natural News (NewsTarget),Blacklisted,2019,neuralimprinting.com
Natural News (NewsTarget),Blacklisted,2019,newenergyreport.com
The New Republic,Generally reliable,2022,newrepublic.com
Xinhua News Agency (New China News Agency) WP:XINHUAÂ ğŸ“Œ,No consensus,2021,news.cn
Sky News (UK),Generally reliable,2022,news.sky.com
Yahoo! News,Generally reliable,2021,news.yahoo.com
Natural News (NewsTarget),Blacklisted,2019,newsbehindthenews.com
"NewsBlaze
",Deprecated,2021,newsblaze.com
"NewsBlaze
",Deprecated,2021,newsblaze.com.au
News Break,Deprecated,2020,newsbreak.com
" Media Research Center (MRC, CNSNews.com, Cybercast News Service, MRCTV, NewsBusters)",Generally unreliable,2020,newsbusters.org
Natural News (NewsTarget),Blacklisted,2019,newscapture.com
Advameg (City-Data),Blacklisted,2019,newsearching.com
Newslaundry,Generally reliable,2020,newslaundry.com
Newsmax WP:NEWSMAXÂ ğŸ“Œ,Deprecated,2022,newsmax.com
Newsmax WP:NEWSMAXÂ ğŸ“Œ,Deprecated,2022,newsmaxtv.com
News of the World WP:NEWSOFTHEWORLDÂ ğŸ“Œ,Deprecated,2019,newsoftheworld.co.uk
News of the World WP:NEWSOFTHEWORLDÂ ğŸ“Œ,Deprecated,2019,newsoftheworld.com
Natural News (NewsTarget),Blacklisted,2019,newstarget.com
Natural News (NewsTarget),Blacklisted,2019,newstarget.info
InfoWars (NewsWars) WP:INFOWARSÂ ğŸ“Œ,Blacklisted,2018,newswars.com
Newsweek (preâ€“2013) ,Generally reliable,2019,newsweek.com
Newsweek (2013â€“present)  WP:NEWSWEEKÂ ğŸ“Œ,No consensus,2022,newsweek.com
The New Yorker,Generally reliable,2011,newyorker.com
NNDB (Notable Names Database) WP:NNDBÂ ğŸ“Œ,Deprecated,2019,nndb.com
Advameg (City-Data),Blacklisted,2019,nonprofitfacts.com
Advameg (City-Data),Blacklisted,2019,notablebiographies.com
NPR (National Public Radio),Generally reliable,2020,npr.org
The Epoch Times (New Tang Dynasty Television) WP:EPOCHTIMESÂ ğŸ“Œ,Deprecated,2020,ntd.com
The Epoch Times (New Tang Dynasty Television) WP:EPOCHTIMESÂ ğŸ“Œ,Deprecated,2020,ntdtv.ca
The Epoch Times (New Tang Dynasty Television) WP:EPOCHTIMESÂ ğŸ“Œ,Deprecated,2020,ntdtv.com
The Epoch Times (New Tang Dynasty Television) WP:EPOCHTIMESÂ ğŸ“Œ,Deprecated,2020,ntdtv.com.tw
Natural News (NewsTarget),Blacklisted,2019,nuclear.news
Natural News (NewsTarget),Blacklisted,2019,nutrients.news
Natural News (NewsTarget),Blacklisted,2019,nutritionheadlines.com
New York Daily News (Illustrated Daily News),Generally reliable,2020,nydailynews.com
" New York (Vulture, The Cut, Grub Street, Daily Intelligencer)",Generally reliable,2016,nymag.com
"New York Post (NY Post, New York Evening Post, Page Six) WP:NYPOSTÂ ğŸ“Œ WP:PAGESIXÂ ğŸ“Œ",Generally unreliable,2022,nypost.com
The New York Times (NYT) WP:NYTÂ ğŸ“Œ WP:NYTIMESÂ ğŸ“Œ,Generally reliable,2022,nytimes.com
The New Zealand Herald (NZ Herald),Generally reliable,2021,nzherald.co.nz
Natural News (NewsTarget),Blacklisted,2019,o3essentials.com
One America News Network (OANN) WP:OANNÂ ğŸ“Œ,Deprecated,2019,oann.com
Natural News (NewsTarget),Blacklisted,2019,obedience.news
Natural News (NewsTarget),Blacklisted,2019,obedient.news
Occupy Democrats,Deprecated,2018,occupydemocrats.com
Natural News (NewsTarget),Blacklisted,2019,offgrid.news
Natural News (NewsTarget),Blacklisted,2019,officialsources.news
Natural News (NewsTarget),Blacklisted,2019,omega3.news
Natural News (NewsTarget),Blacklisted,2019,openwire.news
OpIndia WP:OPINDIAÂ ğŸ“Œ,Blacklisted,2020,opindia.com
OpIndia WP:OPINDIAÂ ğŸ“Œ,Blacklisted,2020,opindia.in
Natural News (NewsTarget),Blacklisted,2019,oralhealth.news
Guido Fawkes,Generally unreliable,2020,order-order.com
Natural News (NewsTarget),Blacklisted,2019,organicfarming.news
Natural News (NewsTarget),Blacklisted,2019,originalnascentiodine.com
"Our Campaigns
",Generally unreliable,2021,ourcampaigns.com
Natural News (NewsTarget),Blacklisted,2019,outrageous.news
"The Sun (UK) (The Sun on Sunday, The Irish Sun, The Scottish Sun, The U.S. Sun) WP:THESUNÂ ğŸ“Œ",Deprecated,2020,page3.com
"New York Post (NY Post, New York Evening Post, Page Six) WP:NYPOSTÂ ğŸ“Œ WP:PAGESIXÂ ğŸ“Œ",Generally unreliable,2022,pagesix.com
PanAm Post,Generally unreliable,2020,panampost.com
"Hansard (UK Parliament transcripts, House of Commons, House of Lords)",No consensus,2019,parliament.uk
Advameg (City-Data),Blacklisted,2019,patentsencyclopedia.com
Patheos WP:PATHEOSÂ ğŸ“Œ,Generally unreliable,2022,patheos.com
Natural News (NewsTarget),Blacklisted,2019,patriotpouches.us
Natural News (NewsTarget),Blacklisted,2019,peakfood.news
Natural News (NewsTarget),Blacklisted,2019,peakoil.news
Pew Research Center,Generally reliable,2012,people-press.org
People,Generally reliable,2014,people.com
Natural News (NewsTarget),Blacklisted,2019,permaculture.news
Natural News (NewsTarget),Blacklisted,2019,permissiontools.com
Natural News (NewsTarget),Blacklisted,2019,pethealth.news
Natural News (NewsTarget),Blacklisted,2019,petitions.news
Pew Research Center,Generally reliable,2012,pewforum.org
Pew Research Center,Generally reliable,2012,pewglobal.org
Pew Research Center,Generally reliable,2012,pewhispanic.org
Pew Research Center,Generally reliable,2012,pewinternet.org
Pew Research Center,Generally reliable,2012,pewresearch.org
Pew Research Center,Generally reliable,2012,pewsocialtrends.org
Natural News (NewsTarget),Blacklisted,2019,pharmaceuticalfraud.com
"Independent Media Center (Indymedia, IMC) WP:IMCÂ ğŸ“Œ",Generally unreliable,2020,phillyimc.org
Natural News (NewsTarget),Blacklisted,2019,philosophy.news
Advameg (City-Data),Blacklisted,2019,photo-dictionary.com
Natural News (NewsTarget),Blacklisted,2019,phytonutrients.news
PinkNews,Generally reliable,2022,pinknews.co.uk
Natural News (NewsTarget),Blacklisted,2019,plague.info
Natural News (NewsTarget),Blacklisted,2019,plantcures.news
Natural News (NewsTarget),Blacklisted,2019,plantmedicine.news
Playboy,Generally reliable,2015,playboy.com
Natural News (NewsTarget),Blacklisted,2019,poisonpantry.com
Natural News (NewsTarget),Blacklisted,2019,politicalreputation.com
Politico,Generally reliable,2018,politico.com
PolitiFact (PunditFact),Generally reliable,2019,politifact.com
Natural News (NewsTarget),Blacklisted,2019,pollution.news
Advameg (City-Data),Blacklisted,2019,pollutionissues.com
Polygon,Generally reliable,2020,polygon.com
Natural News (NewsTarget),Blacklisted,2019,popo.news
Natural News (NewsTarget),Blacklisted,2019,powergrid.news
Natural News (NewsTarget),Blacklisted,2019,predictions.news
Natural News (NewsTarget),Blacklisted,2019,preparednessreport.com
Advameg (City-Data),Blacklisted,2019,presidentprofiles.com
Natural News (NewsTarget),Blacklisted,2019,presscapture.com
Daily Mail (MailOnline) WP:DAILYMAILÂ ğŸ“Œ WP:RSPDMÂ ğŸ“Œ,Deprecated,2022,pressreader.com/ireland/irish-daily-mail
Daily Express WP:DAILYEXPRESSÂ ğŸ“Œ,Generally unreliable,2020,pressreader.com/uk/daily-express
Daily Mail (MailOnline) WP:DAILYMAILÂ ğŸ“Œ WP:RSPDMÂ ğŸ“Œ,Deprecated,2022,pressreader.com/uk/daily-mail
Daily Mail (MailOnline) WP:DAILYMAILÂ ğŸ“Œ WP:RSPDMÂ ğŸ“Œ,Deprecated,2022,pressreader.com/uk/scottish-daily-mail
The Mail on Sunday WP:MAILONSUNDAYÂ ğŸ“Œ,Deprecated,2020,pressreader.com/uk/the-mail-on-sunday/
The Mail on Sunday WP:MAILONSUNDAYÂ ğŸ“Œ,Deprecated,2020,pressreader.com/uk/the-scottish-mail-on-sunday/
Advameg (City-Data),Blacklisted,2019,pressreference.com
Press TV WP:PRESSTVÂ ğŸ“Œ,Deprecated,2021,presstv.co.uk
Press TV WP:PRESSTVÂ ğŸ“Œ,Deprecated,2021,presstv.com
Press TV WP:PRESSTVÂ ğŸ“Œ,Deprecated,2021,presstv.ir
Press TV WP:PRESSTVÂ ğŸ“Œ,Deprecated,2021,presstv.tv
Natural News (NewsTarget),Blacklisted,2019,preventcancer.news
Natural News (NewsTarget),Blacklisted,2019,preventionreport.com
Pride.com,No consensus,2020,pride.com
Natural News (NewsTarget),Blacklisted,2019,printyourfood.com
PR Newswire WP:PRNEWSWIREÂ ğŸ“Œ,Generally unreliable,2019,prnewswire.co.uk
PR Newswire WP:PRNEWSWIREÂ ğŸ“Œ,Generally unreliable,2019,prnewswire.com
Project Veritas WP:VERITASÂ ğŸ“Œ,Generally unreliable,2020,projectveritas.com
ProPublica,Generally reliable,2019,propublica.org
Natural News (NewsTarget),Blacklisted,2019,proteinexposed.com
Natural News (NewsTarget),Blacklisted,2019,psych.news
Natural News (NewsTarget),Blacklisted,2019,psychdrugs.news
Natural News (NewsTarget),Blacklisted,2019,publicrelations.news
Natural News (NewsTarget),Blacklisted,2019,purewater.news
Quackwatch,No consensus,2019,quackwatch.org
Quadrant,Generally unreliable,2019,quadrant.org.au
Natural News (NewsTarget),Blacklisted,2019,quantumcomputing.news
Natural News (NewsTarget),Blacklisted,2019,quarantine.news
Natural News (NewsTarget),Blacklisted,2019,quickening.news
Quillette,Generally unreliable,2021,quillette.com
Quora,Generally unreliable,2019,quora.com
Quartz,Generally reliable,2020,qz.com
Natural News (NewsTarget),Blacklisted,2019,racewars.news
Genius (Rap Genius) WP:GENIUSÂ ğŸ“Œ,No consensus,2019,rapgenius.com
Rappler WP:RAPPLERÂ ğŸ“Œ,Generally reliable,2018,rappler.com
"Rate Your Music (RYM, Cinemos, Glitchwave, Sonemic)",Deprecated,2019,rateyourmusic.com
The Raw Story WP:RAWSTORYÂ ğŸ“Œ,Generally unreliable,2021,rawstory.com
Advameg (City-Data),Blacklisted,2019,readabstracts.com
"RealClearPolitics (RCP, RealClearInvestigations)",No consensus,2021,realclearinvestigations.com
"RealClearPolitics (RCP, RealClearInvestigations)",No consensus,2021,realclearpolitics.com
Natural News (NewsTarget),Blacklisted,2019,realworld.news
Reason,Generally reliable,2021,reason.com
Natural News (NewsTarget),Blacklisted,2019,recovery.news
 Reddit WP:RSREDDITÂ ğŸ“Œ WP:RSPREDDITÂ ğŸ“Œ,Generally unreliable,2020,reddit.com
" RT (Russia Today, ANO TV-Novosti, Ruptly, Redfish, Maffick)WP:RT.COMÂ ğŸ“Œ",Deprecated,2022,redfish.media
RedState,Generally unreliable,2020,redstate.com
Advameg (City-Data),Blacklisted,2019,referenceforbusiness.com
" Vice Media (Garage, i-D, Refinery29, Vice, Vice News, Motherboard) WP:VICEÂ ğŸ“Œ",No consensus,2021,refinery29.com
Natural News (NewsTarget),Blacklisted,2019,reflectium.us
Natural News (NewsTarget),Blacklisted,2019,reformthefda.com
Natural News (NewsTarget),Blacklisted,2019,reformthefda.org
Natural News (NewsTarget),Blacklisted,2019,refreshing.news
Religion News Service (RNS),Generally reliable,2020,religionnews.com
Natural News (NewsTarget),Blacklisted,2019,religiousfreedom.news
 Republic TV (Republic World) WP:REPUBLICTVÂ ğŸ“Œ,Deprecated,2021,republicworld.com
Natural News (NewsTarget),Blacklisted,2019,reputationintelligence.com
Natural News (NewsTarget),Blacklisted,2019,reputationmonitor.com
ResearchGate,Generally unreliable,2022,researchgate.net
Natural News (NewsTarget),Blacklisted,2019,retracted.news
Natural News (NewsTarget),Blacklisted,2019,retractions.news
MyLife (Reunion.com),Blacklisted,2019,reunion.com
Reuters,Generally reliable,2018,reuters.com
Natural News (NewsTarget),Blacklisted,2019,reverseheartdisease.news
Radio Free Asia (RFA) WP:RADIOFREEASIAÂ ğŸ“Œ,Generally reliable,2022,rfa.org
RIA Novosti,No consensus,2016,rian.com.ua
RIA Novosti,No consensus,2016,rian.ru
"Independent Media Center (Indymedia, IMC) WP:IMCÂ ğŸ“Œ",Generally unreliable,2020,rogueimc.org
Rolling Stone (culture),Generally reliable,2021,rollingstone.com
Rolling Stone (Culture Council),Generally unreliable,2021,rollingstone.com/culture-council
"Rolling Stone (politics and society, 2011â€“present) WP:ROLLINGSTONEPOLITICSÂ ğŸ“Œ",Generally unreliable,2021,rollingstone.com/politics
Rotten Tomatoes,Generally reliable,2022,rottentomatoes.com
Peerage websites (self-published),Deprecated,2020,royalark.net
" Royal Central
",Deprecated,2022,royalcentral.co.uk
" RT (Russia Today, ANO TV-Novosti, Ruptly, Redfish, Maffick)WP:RT.COMÂ ğŸ“Œ",Deprecated,2022,rt.com
" RT (Russia Today, ANO TV-Novosti, Ruptly, Redfish, Maffick)WP:RT.COMÂ ğŸ“Œ",Deprecated,2022,rt.rs
" RT (Russia Today, ANO TV-Novosti, Ruptly, Redfish, Maffick)WP:RT.COMÂ ğŸ“Œ",Deprecated,2022,ruptly.tv
" RT (Russia Today, ANO TV-Novosti, Ruptly, Redfish, Maffick)WP:RT.COMÂ ğŸ“Œ",Deprecated,2022,russiatoday.com
Natural News (NewsTarget),Blacklisted,2019,sacred.news
Natural News (NewsTarget),Blacklisted,2019,sacredlotusclinic.com
Natural News (NewsTarget),Blacklisted,2019,safezeolites.com
Salon WP:SALON.COMÂ ğŸ“Œ,No consensus,2022,salon.com
" Vice Media (Garage, i-D, Refinery29, Vice, Vice News, Motherboard) WP:VICEÂ ğŸ“Œ",No consensus,2021,sbs.com.au
Natural News (NewsTarget),Blacklisted,2019,sccwc.com
Natural News (NewsTarget),Blacklisted,2019,science.news
Science-Based Medicine WP:SBMÂ ğŸ“Œ,Generally reliable,2021,sciencebasedmedicine.org
ScienceBlogs,No consensus,2012,scienceblogs.com
Advameg (City-Data),Blacklisted,2019,scienceclarified.com
Natural News (NewsTarget),Blacklisted,2019,sciencedeception.com
Natural News (NewsTarget),Blacklisted,2019,sciencedeception.org
Natural News (NewsTarget),Blacklisted,2019,sciencefailure.com
Natural News (NewsTarget),Blacklisted,2019,scienceskeptic.com
"Scientific American (SA, SciAm)",Generally reliable,2020,scientificamerican.com
"South China Morning Post (SCMP, Sunday Morning Post) WP:SCMPÂ ğŸ“Œ",Generally reliable,2020,scmp.com
SCOTUSblog,Generally reliable,2021,scotusblog.com
Screen Rant,No consensus,2021,screenrant.com
Scribd,Generally unreliable,2016,scribd.com
Hope not Hate (Searchlight),No consensus,2019,searchlightmagazine.com
Natural News (NewsTarget),Blacklisted,2019,secondamendment.news
Natural News (NewsTarget),Blacklisted,2019,seeds.news
Natural News (NewsTarget),Blacklisted,2019,serious.news
"Stack Exchange (Stack Overflow, MathOverflow, Ask Ubuntu)",Generally unreliable,2018,serverfault.com
Natural News (NewsTarget),Blacklisted,2019,sevenlawsofnutrition.com
Natural News (NewsTarget),Blacklisted,2019,shape.news
Advameg (City-Data),Blacklisted,2019,shareranks.com
Sherdog,No consensus,2020,sherdog.com
Natural News (NewsTarget),Blacklisted,2019,shortage.news
Natural News (NewsTarget),Blacklisted,2019,silvermaker.com
Advameg (City-Data),Blacklisted,2019,siteencyclopedia.com
Sixth Tone (politics),Generally unreliable,2020,sixthtone.com
Sixth Tone (general topics),No consensus,2020,sixthtone.com
The Skeptic's Dictionary,No consensus,2020,skepdic.com
Natural News (NewsTarget),Blacklisted,2019,skinhealth.news
The Skwawkbox,Generally unreliable,2020,skwawkbox.org
Natural News (NewsTarget),Blacklisted,2019,skynet.news
Sky News Australia,No consensus,2022,skynews.com.au
The Sydney Morning Herald,Generally reliable,2022,smh.com.au
Natural News (NewsTarget),Blacklisted,2019,smokeforthecure.org
Snopes WP:SNOPESÂ ğŸ“Œ,Generally reliable,2020,snopes.com
Natural News (NewsTarget),Blacklisted,2019,socialjustice.news
Natural News (NewsTarget),Blacklisted,2019,socially.news
Natural News (NewsTarget),Blacklisted,2019,socialunrest.news
Natural News (NewsTarget),Blacklisted,2019,solar-model.org
"Rate Your Music (RYM, Cinemos, Glitchwave, Sonemic)",Deprecated,2019,sonemic.com
Natural News (NewsTarget),Blacklisted,2019,soulofpharma.com
Natural News (NewsTarget),Blacklisted,2019,soundhealingnews.com
Natural News (NewsTarget),Blacklisted,2019,soundjourneys.com
Natural News (NewsTarget),Blacklisted,2019,soundjourneys.org
SourceWatch,Generally unreliable,2016,sourcewatch.org
Space.com,Generally reliable,2021,space.com
Natural News (NewsTarget),Blacklisted,2019,spacecraft.news
Natural News (NewsTarget),Blacklisted,2019,spacetourism.news
Natural News (NewsTarget),Blacklisted,2019,spacetravel.news
Natural News (NewsTarget),Blacklisted,2019,spamdontbuyit.com
Natural News (NewsTarget),Blacklisted,2019,spamdontbuyit.org
SparkNotes,No consensus,2018,sparknotes.com
Natural News (NewsTarget),Blacklisted,2019,speakout.news
 The Spectator WP:SPECTATORÂ ğŸ“Œ,No consensus,2020,spectator.co.uk
 The Spectator WP:SPECTATORÂ ğŸ“Œ,No consensus,2020,spectator.us
Natural News (NewsTarget),Blacklisted,2019,spices.news
"Der Spiegel (Spiegel Online, SPON)",Generally reliable,2018,spiegel.de
Spirit of Metal,Generally unreliable,2010,spirit-of-metal.com
Natural News (NewsTarget),Blacklisted,2019,spirulina.news
Natural News (NewsTarget),Blacklisted,2019,spirulinanews.com
Natural News (NewsTarget),Blacklisted,2019,spirulinareport.com
Natural News (NewsTarget),Blacklisted,2019,spirulinascience.com
Southern Poverty Law Center (SPLC) WP:SPLCÂ ğŸ“Œ,Generally reliable,2021,splcenter.org
Sportskeeda,Generally unreliable,2021,sportskeeda.com
Sputnik WP:SPUTNIKÂ ğŸ“Œ,Deprecated,2020,sputnik-abkhazia.ru
Sputnik WP:SPUTNIKÂ ğŸ“Œ,Deprecated,2020,sputnik-georgia.com
Sputnik WP:SPUTNIKÂ ğŸ“Œ,Deprecated,2020,sputnik-georgia.ru
Sputnik WP:SPUTNIKÂ ğŸ“Œ,Deprecated,2020,sputnik-ossetia.com
Sputnik WP:SPUTNIKÂ ğŸ“Œ,Deprecated,2020,sputnik-ossetia.ru
Sputnik WP:SPUTNIKÂ ğŸ“Œ,Deprecated,2020,sputnik-tj.com
Sputnik WP:SPUTNIKÂ ğŸ“Œ,Deprecated,2020,sputnik.az
Sputnik WP:SPUTNIKÂ ğŸ“Œ,Deprecated,2020,sputnik.by
Sputnik WP:SPUTNIKÂ ğŸ“Œ,Deprecated,2020,sputnik.kg
Sputnik WP:SPUTNIKÂ ğŸ“Œ,Deprecated,2020,sputnik.kz
Sputnik WP:SPUTNIKÂ ğŸ“Œ,Deprecated,2020,sputnik.md
Sputnik WP:SPUTNIKÂ ğŸ“Œ,Deprecated,2020,sputniknews-uz.com
Sputnik WP:SPUTNIKÂ ğŸ“Œ,Deprecated,2020,sputniknews.cn
Sputnik WP:SPUTNIKÂ ğŸ“Œ,Deprecated,2020,sputniknews.com
Sputnik WP:SPUTNIKÂ ğŸ“Œ,Deprecated,2020,sputniknews.gr
Sputnik WP:SPUTNIKÂ ğŸ“Œ,Deprecated,2020,sputniknews.lt
Sputnik WP:SPUTNIKÂ ğŸ“Œ,Deprecated,2020,sputniknews.ru
Sputnik WP:SPUTNIKÂ ğŸ“Œ,Deprecated,2020,sputniknewslv.com
"Stack Exchange (Stack Overflow, MathOverflow, Ask Ubuntu)",Generally unreliable,2018,stackexchange.com
"Stack Exchange (Stack Overflow, MathOverflow, Ask Ubuntu)",Generally unreliable,2018,stackoverflow.com
Evening Standard (London Evening Standard),No consensus,2018,standard.co.uk
"StarsUnfolded
",Generally unreliable,2020,starsunfolded.com
Natural News (NewsTarget),Blacklisted,2019,storablesuperfoods.us
The Straits Times,No consensus,2021,straitstimes.com
Natural News (NewsTarget),Blacklisted,2019,strategic.news
Natural News (NewsTarget),Blacklisted,2019,subliminal.news
Natural News (NewsTarget),Blacklisted,2019,sunlightcure.com
Natural News (NewsTarget),Blacklisted,2019,sunmedicine.com
"The Sun (UK) (The Sun on Sunday, The Irish Sun, The Scottish Sun, The U.S. Sun) WP:THESUNÂ ğŸ“Œ",Deprecated,2020,sunnation.co.uk
Natural News (NewsTarget),Blacklisted,2019,supercollider.news
Natural News (NewsTarget),Blacklisted,2019,supercomputer.news
Natural News (NewsTarget),Blacklisted,2019,superfood.news
Natural News (NewsTarget),Blacklisted,2019,superfoodforsoldiers.com
Natural News (NewsTarget),Blacklisted,2019,superfoodforsoldiers.org
Natural News (NewsTarget),Blacklisted,2019,superfoodforsoldiers.us
Natural News (NewsTarget),Blacklisted,2019,superfoods.news
"Stack Exchange (Stack Overflow, MathOverflow, Ask Ubuntu)",Generally unreliable,2018,superuser.com
Natural News (NewsTarget),Blacklisted,2019,supplementsreference.com
Natural News (NewsTarget),Blacklisted,2019,supplementsreport.com
Natural News (NewsTarget),Blacklisted,2019,supplydirectory.com
Natural News (NewsTarget),Blacklisted,2019,supplyresource.com
Natural News (NewsTarget),Blacklisted,2019,supplysource.com
Natural News (NewsTarget),Blacklisted,2019,surfacecomputingreport.com
Advameg (City-Data),Blacklisted,2019,surgeryencyclopedia.com
Natural News (NewsTarget),Blacklisted,2019,survivalgoods.com
Natural News (NewsTarget),Blacklisted,2019,survivalreports.com
Swarajya,Blacklisted,2021,swarajyamag.com
Natural News (NewsTarget),Blacklisted,2019,sweeteners.news
Natural News (NewsTarget),Blacklisted,2019,tactical.news
"Taki's Magazine (Takimag, Taki's Top Drawer)",Deprecated,2019,takimag.com
"TASS (Ğ¢ĞĞ¡Ğ¡, ITAR-TASS, Telegraph Agency of the Soviet Union) WP:TASSÂ ğŸ“Œ",Generally unreliable,2022,tass.com
"TASS (Ğ¢ĞĞ¡Ğ¡, ITAR-TASS, Telegraph Agency of the Soviet Union) WP:TASSÂ ğŸ“Œ",Generally unreliable,2022,tass.ru
TechCrunch WP:TECHCRUNCHÂ ğŸ“Œ,No consensus,2018,techcrunch.com
Natural News (NewsTarget),Blacklisted,2019,technocrats.news
"The Daily Telegraph (UK) (The Sunday Telegraph, The Telegraph)",Generally reliable,2022,telegraph.co.uk
Telesur WP:TELESURÂ ğŸ“Œ,Deprecated,2019,telesurenglish.net
Telesur WP:TELESURÂ ğŸ“Œ,Deprecated,2019,telesurtv.net
"The Sun (UK) (The Sun on Sunday, The Irish Sun, The Scottish Sun, The U.S. Sun) WP:THESUNÂ ğŸ“Œ",Deprecated,2020,the-sun.com
The Age,Generally reliable,2021,theage.com.au
The American Conservative (TAC),No consensus,2021,theamericanconservative.com
The Atlantic (The Atlantic Monthly),Generally reliable,2022,theatlantic.com
The Australian,Generally reliable,2020,theaustralian.com.au
"Dotdash (About.com, The Balance, Lifewire, The Spruce, ThoughtCo, TripSavvy, Verywell)",No consensus,2020,thebalance.com
"Blaze Media (BlazeTV, Conservative Review, CRTV, TheBlaze)",Generally unreliable,2018,theblaze.com
The Canary,Generally unreliable,2021,thecanary.co
The Conversation WP:THECONVERSATIONÂ ğŸ“Œ,Generally reliable,2019,theconversation.com
" New York (Vulture, The Cut, Grub Street, Daily Intelligencer)",Generally reliable,2016,thecut.com
The Daily Beast WP:DAILYBEASTÂ ğŸ“Œ,No consensus,2021,thedailybeast.com
The Diplomat,Generally reliable,2020,thediplomat.com
The Epoch Times (New Tang Dynasty Television) WP:EPOCHTIMESÂ ğŸ“Œ,Deprecated,2020,theepochtimes.com
The Federalist,Generally unreliable,2021,thefederalist.com
Natural News (NewsTarget),Blacklisted,2019,theflusolution.com
Advameg (City-Data),Blacklisted,2019,thegardenhelper.com
The Gateway Pundit (TGP),Deprecated,2019,thegatewaypundit.com
The Globe and Mail,Generally reliable,2021,theglobeandmail.com
The Grayzone WP:GRAYZONEÂ ğŸ“Œ,Deprecated,2020,thegrayzone.com
The Green Papers,No consensus,2020,thegreenpapers.com
"The Guardian (TheGuardian.com, The Manchester Guardian, The Observer)",Generally reliable,2019,theguardian.co.uk
The Guardian blogs,No consensus,2020,theguardian.co.uk
"The Guardian (TheGuardian.com, The Manchester Guardian, The Observer)",Generally reliable,2019,theguardian.com
The Guardian blogs,No consensus,2020,theguardian.com
The Hill WP:THEHILLÂ ğŸ“Œ,Generally reliable,2019,thehill.com
The Hindu WP:THEHINDUÂ ğŸ“Œ,Generally reliable,2022,thehindu.com
The Intercept,Generally reliable,2020,theintercept.com
The Jewish Chronicle (The JC),Generally reliable,2021,thejc.com
Natural News (NewsTarget),Blacklisted,2019,thelanguagecodes.org
The Mary Sue,Generally reliable,2022,themarysue.com
The Nation,Generally reliable,2020,thenation.com
The Needle Drop,No consensus,2021,theneedledrop.com
The New American,Generally unreliable,2016,thenewamerican.com
The Next Web (TNW),No consensus,2019,thenextweb.com
The Onion,Generally unreliable,2019,theonion.com
Peerage websites (self-published),Deprecated,2020,thepeerage.com
The Points Guy (sponsored content) (TPG),Blacklisted,2019,thepointsguy.com
The Points Guy (news and reviews) (TPG),Blacklisted,2019,thepointsguy.com/news
The Points Guy (news and reviews) (TPG),Blacklisted,2019,thepointsguy.com/reviews
Natural News (NewsTarget),Blacklisted,2019,thepoisoners.com
Natural News (NewsTarget),Blacklisted,2019,thepoisoners.org
The Post Millennial WP:POSTMILÂ ğŸ“Œ,Generally unreliable,2020,thepostmillennial.com
"The Register (""El Reg"")",Generally reliable,2017,theregister.co.uk
"The Sun (UK) (The Sun on Sunday, The Irish Sun, The Scottish Sun, The U.S. Sun) WP:THESUNÂ ğŸ“Œ",Deprecated,2020,thescottishsun.co.uk
"Dotdash (About.com, The Balance, Lifewire, The Spruce, ThoughtCo, TripSavvy, Verywell)",No consensus,2020,thespruce.com
Daily Star (UK) WP:DAILYSTARÂ ğŸ“Œ,Deprecated,2020,thestar.ie
Natural News (NewsTarget),Blacklisted,2019,thestarfieldsimulation.com
"The Sun (UK) (The Sun on Sunday, The Irish Sun, The Scottish Sun, The U.S. Sun) WP:THESUNÂ ğŸ“Œ",Deprecated,2020,thesun.co.uk
"The Sun (UK) (The Sun on Sunday, The Irish Sun, The Scottish Sun, The U.S. Sun) WP:THESUNÂ ğŸ“Œ",Deprecated,2020,thesun.ie
"The Sun (UK) (The Sun on Sunday, The Irish Sun, The Scottish Sun, The U.S. Sun) WP:THESUNÂ ğŸ“Œ",Deprecated,2020,thesun.mobi
"The Times (The Sunday Times, The Times of London)",Generally reliable,2022,thesundaytimes.co.uk
"The Times (The Sunday Times, The Times of London)",Generally reliable,2022,thetimes.co.uk
The Truth About Guns (TTAG) WP:TTAGÂ ğŸ“Œ,Generally unreliable,2019,thetruthaboutguns.com
The Verge,Generally reliable,2019,theverge.com
TheWrap,Generally reliable,2017,thewrap.com
Natural News (NewsTarget),Blacklisted,2019,thinking.news
ThinkProgress,No consensus,2013,thinkprogress.org
"Insider (excluding culture) (Business Insider, Markets Insider, Tech Insider) WP:BIÂ ğŸ“Œ WP:BUSINESSINSIDERÂ ğŸ“Œ",No consensus,2022,thisisinsider.com
Insider (culture),Generally reliable,2021,thisisinsider.com
Daily Mail (MailOnline) WP:DAILYMAILÂ ğŸ“Œ WP:RSPDMÂ ğŸ“Œ,Deprecated,2022,thisismoney.co.uk
"Dotdash (About.com, The Balance, Lifewire, The Spruce, ThoughtCo, TripSavvy, Verywell)",No consensus,2020,thoughtco.com
Natural News (NewsTarget),Blacklisted,2019,thoughtcontrol.news
Natural News (NewsTarget),Blacklisted,2019,thoughtpolice.news
Time,Generally reliable,2019,time.com
The Times of India (TOI) WP:TOIÂ ğŸ“Œ,No consensus,2022,timesofindia.com
The Times of India (TOI) WP:TOIÂ ğŸ“Œ,No consensus,2022,timesofindia.indiatimes.com
"The Times (The Sunday Times, The Times of London)",Generally reliable,2022,timesonline.co.uk
TMZ WP:TMZÂ ğŸ“Œ,No consensus,2016,tmz.com
"Independent Media Center (Indymedia, IMC) WP:IMCÂ ğŸ“Œ",Generally unreliable,2020,tnimc.org
TorrentFreak (TF),Generally reliable,2019,torrentfreak.com
Townhall,No consensus,2010,townhall.com
Natural News (NewsTarget),Blacklisted,2019,toxicfoods.com
Natural News (NewsTarget),Blacklisted,2019,toxindefense.org
Natural News (NewsTarget),Blacklisted,2019,toxinremovers.com
Natural News (NewsTarget),Blacklisted,2019,toxins.news
Advameg (City-Data),Blacklisted,2019,trademarkencyclopedia.com
Natural News (NewsTarget),Blacklisted,2019,trademarkintelligence.com
Natural News (NewsTarget),Blacklisted,2019,tragedy.news
Natural News (NewsTarget),Blacklisted,2019,transhumanist.news
Daily Mail (MailOnline) WP:DAILYMAILÂ ğŸ“Œ WP:RSPDMÂ ğŸ“Œ,Deprecated,2022,travelmail.co.uk
"Dotdash (About.com, The Balance, Lifewire, The Spruce, ThoughtCo, TripSavvy, Verywell)",No consensus,2020,tripsavvy.com
TRT World,No consensus,2019,trtworld.com
Natural News (NewsTarget),Blacklisted,2019,trusted.news
Natural News (NewsTarget),Blacklisted,2019,truthpublishing.net
Natural News (NewsTarget),Blacklisted,2019,turmeric.news
TV.com,Generally unreliable,2020,tv.com
TV Guide,Generally reliable,2012,tvguide.com
TV Guide,Generally reliable,2012,tvguidemagazine.com
TV Tropes,Generally unreliable,2016,tvtropes.org
Twitter WP:RSPTWITTERÂ ğŸ“Œ,Generally unreliable,2022,twitter.com
Natural News (NewsTarget),Blacklisted,2019,tyranny.news
"Independent Media Center (Indymedia, IMC) WP:IMCÂ ğŸ“Œ",Generally unreliable,2020,ucimc.org
Who's Who (UK),Generally unreliable,2022,ukwhoswho.com
Natural News (NewsTarget),Blacklisted,2019,unbelievable.news
Natural News (NewsTarget),Blacklisted,2019,uncensoredvitamins.org
Advameg (City-Data),Blacklisted,2019,unexplainedstuff.com
Advameg (City-Data),Blacklisted,2019,unit-conversion.info
Natural News (NewsTarget),Blacklisted,2019,unreal.news
 The Unz Review WP:UNZÂ ğŸ“Œ,Deprecated,2021,unz.com
 The Unz Review WP:UNZÂ ğŸ“Œ,Deprecated,2021,unz.org
Natural News (NewsTarget),Blacklisted,2019,upcast.us
Urban Dictionary,Generally unreliable,2020,urbandictionary.com
USA Today,Generally reliable,2022,usatoday.com
Natural News (NewsTarget),Blacklisted,2019,usdawatch.com
Natural News (NewsTarget),Blacklisted,2019,usdawatch.org
Us Weekly,No consensus,2018,usmagazine.com
U.S. News & World Report,Generally reliable,2020,usnews.com
Vanity Fair WP:VANITYFAIRÂ ğŸ“Œ,Generally reliable,2021,vanityfair.com
Variety WP:VARIETYÂ ğŸ“Œ,Generally reliable,2016,variety.com
Natural News (NewsTarget),Blacklisted,2019,vaxdefense.com
VDARE,Deprecated,2019,vdare.com
Natural News (NewsTarget),Blacklisted,2019,veggie.news
Venezuelanalysis,Generally unreliable,2019,venezuelanalysis.com
VentureBeat,Generally reliable,2015,venturebeat.com
"Dotdash (About.com, The Balance, Lifewire, The Spruce, ThoughtCo, TripSavvy, Verywell)",No consensus,2020,verywell.com
"Dotdash (About.com, The Balance, Lifewire, The Spruce, ThoughtCo, TripSavvy, Verywell)",No consensus,2020,verywellfamily.com
"Dotdash (About.com, The Balance, Lifewire, The Spruce, ThoughtCo, TripSavvy, Verywell)",No consensus,2020,verywellhealth.com
"Dotdash (About.com, The Balance, Lifewire, The Spruce, ThoughtCo, TripSavvy, Verywell)",No consensus,2020,verywellmind.com
Veterans Today,Blacklisted,2019,veteranstoday.com
VGChartz,Generally unreliable,2019,vgchartz.com
Natural News (NewsTarget),Blacklisted,2019,vibe.news
" Vice Media (Garage, i-D, Refinery29, Vice, Vice News, Motherboard) WP:VICEÂ ğŸ“Œ",No consensus,2021,vice.com
" Vice Media (Garage, i-D, Refinery29, Vice, Vice News, Motherboard) WP:VICEÂ ğŸ“Œ",No consensus,2021,vicetv.com
Victims of Communism Memorial Foundation,Generally unreliable,2021,victimsofcommunism.org
Natural News (NewsTarget),Blacklisted,2019,videogear.news
Natural News (NewsTarget),Blacklisted,2019,videohealthnews.com
Natural News (NewsTarget),Blacklisted,2019,videohealthreport.com
Natural News (NewsTarget),Blacklisted,2019,views.news
Natural News (NewsTarget),Blacklisted,2019,violence.news
Natural News (NewsTarget),Blacklisted,2019,violentcrime.news
Natural News (NewsTarget),Blacklisted,2019,vitamind.news
Natural News (NewsTarget),Blacklisted,2019,vitamindreport.com
"Voice of America (VOA, VoA)",Generally reliable,2021,voanews.com
Vogue,Generally reliable,2018,vogue.com
Sputnik WP:SPUTNIKÂ ğŸ“Œ,Deprecated,2020,voiceofrussia.com
Voltaire Network,Deprecated,2020,voltairenet.org
Vox (Recode) WP:RSPVOXÂ ğŸ“Œ,Generally reliable,2022,vox.com
Natural News (NewsTarget),Blacklisted,2019,vox.news
Natural News (NewsTarget),Blacklisted,2019,vrworld.news
" New York (Vulture, The Cut, Grub Street, Daily Intelligencer)",Generally reliable,2016,vulture.com
Natural News (NewsTarget),Blacklisted,2019,wages.news
Natural News (NewsTarget),Blacklisted,2019,wakeup.news
Baidu Baike WP:BAIDUBAIKEÂ ğŸ“Œ,Deprecated,2020,wapbaike.baidu.com
Natural News (NewsTarget),Blacklisted,2019,wapo.news
Washington Examiner,No consensus,2020,washingtonexaminer.com
"The Washington Post (The Post, WaPo, TWP) WP:WAPOÂ ğŸ“Œ",Generally reliable,2021,washingtonpost.com
Natural News (NewsTarget),Blacklisted,2019,washingtonpost.news
The Washington Times,No consensus,2021,washingtontimes.com
Advameg (City-Data),Blacklisted,2019,waterencyclopedia.com
Natural News (NewsTarget),Blacklisted,2019,waterfilters.news
Natural News (NewsTarget),Blacklisted,2019,waterfilterscience.com
Natural News (NewsTarget),Blacklisted,2019,waterfiltersnews.com
Natural News (NewsTarget),Blacklisted,2019,waterhealthnews.com
Natural News (NewsTarget),Blacklisted,2019,waterpurifiers.news
Natural News (NewsTarget),Blacklisted,2019,waterwars.news
Natural News (NewsTarget),Blacklisted,2019,waycool.news
"Weather2Travel.com
",Generally unreliable,2012,weather2travel.com
Advameg (City-Data),Blacklisted,2019,weatherexplained.com
Natural News (NewsTarget),Blacklisted,2019,webseed.com
Natural News (NewsTarget),Blacklisted,2019,webseed.net
Natural News (NewsTarget),Blacklisted,2019,webseed.org
Natural News (NewsTarget),Blacklisted,2019,webseeding.com
The Weekly Standard,Generally reliable,2014,weeklystandard.com
"We Got This Covered WP:WEGOTTHISCOVEREDÂ ğŸ“Œ
",Generally unreliable,2022,wegotthiscovered.com
The Western Journal (Western Journalism),Generally unreliable,2019,westernjournal.com
WhatCulture WP:WHATCULTUREÂ ğŸ“Œ,Generally unreliable,2020,whatculture.com
Advameg (City-Data),Blacklisted,2019,whatdoesthatmean.com
Natural News (NewsTarget),Blacklisted,2019,whatworksfor.me
Natural News (NewsTarget),Blacklisted,2019,wheyprotein.news
Natural News (NewsTarget),Blacklisted,2019,whistleblower.news
Natural News (NewsTarget),Blacklisted,2019,wholefoods.news
WhoSampled,Generally unreliable,2016,whosampled.com
Marquis Who's Who (Who's Who in America),Generally unreliable,2022,whoswhoinamerica.com
" Fandom wikis (Wikia, Wikicities) WP:FANDOMÂ ğŸ“Œ WP:RSPWIKIAÂ ğŸ“Œ",Generally unreliable,2019,wikia.com
" Fandom wikis (Wikia, Wikicities) WP:FANDOMÂ ğŸ“Œ WP:RSPWIKIAÂ ğŸ“Œ",Generally unreliable,2019,wikia.org
" Fandom wikis (Wikia, Wikicities) WP:FANDOMÂ ğŸ“Œ WP:RSPWIKIAÂ ğŸ“Œ",Generally unreliable,2019,wikicities.com
Wikidata,Generally unreliable,2018,wikidata.org
WikiLeaks,Generally unreliable,2021,wikileaks.org
Wikinews,Generally unreliable,2012,wikinews.org
Wikipedia (The Signpost) WP:RSPWPÂ ğŸ“Œ,Generally unreliable,2021,wikipedia.org
Natural News (NewsTarget),Blacklisted,2019,wildfoods.news
Wired (Wired UK),Generally reliable,2018,wired.co.uk
Wired (Wired UK),Generally reliable,2018,wired.com
WorldNetDaily (WND) WP:WNDÂ ğŸ“Œ,Deprecated,2018,wnd.com
Natural News (NewsTarget),Blacklisted,2019,womenshealth.news
WordPress.com,Generally unreliable,2021,wordpress.com
WorldNetDaily (WND) WP:WNDÂ ğŸ“Œ,Deprecated,2018,worldnetdaily.com
Worldometer (Worldometers),Generally unreliable,2020,worldometers.info
Peerage websites (self-published),Deprecated,2020,worldstatesmen.org
The Wall Street Journal (WSJ),Generally reliable,2019,wsj.com
World Socialist Web Site (WSWS) WP:WSWSÂ ğŸ“Œ,No consensus,2021,wsws.org
Gazeta Wyborcza,Generally reliable,2021,wyborcza.pl
XBIZ,No consensus,2021,xbiz.com
Xinhua News Agency (New China News Agency) WP:XINHUAÂ ğŸ“Œ,No consensus,2021,xinhuanet.com
Natural News (NewsTarget),Blacklisted,2019,xray.news
Natural News (NewsTarget),Blacklisted,2019,y2ksupply.com
YouTube WP:RSPYTÂ ğŸ“Œ,Generally unreliable,2020,youtube.com
People Make Games,Generally reliable,2023,youtube.com/channel/uczb6v9fuov0mx_us3mwwilg
Natural News (NewsTarget),Blacklisted,2019,yummy.news
ZDNet,Generally reliable,2018,zdnet.com
Natural News (NewsTarget),Blacklisted,2019,zeolitescience.com
Zero Hedge (ZH) WP:ZEROHEDGEÂ ğŸ“Œ,Deprecated,2020,zerohedge.com
ZoomInfo,Blacklisted,2020,zoominfo.com
